3.27310800552,-5.5701772,-1.1571847,-11.5522337
3.28229212761,-1.2160246,-1.6475172,-11.0422879
3.29274511337,1.1964113,-2.0790098,-10.4146623
3.30258011818,-1.0198916,-0.5687857,-9.0417313
3.31194114685,-3.4127142,-2.5693423,-9.9635564
3.32261300087,-3.3734876,-0.8237586,-8.2964259
3.33211803436,8.5513988,1.372931,-6.4527757
3.34174013138,12.3956056,1.6671305,-6.2174161
3.35204696655,3.6480738,2.3928226,-5.88399
3.36189293861,8.433719,3.726527,-6.2958693
3.37392997742,12.5721253,0.0980665,-8.629852
3.38222193718,5.8643767,3.2361945,-9.9831697
3.39240813255,1.6475172,0.196133,-10.3165958
3.40172195435,5.1386846,0.5295591,-10.1793027
3.41221809387,7.3353742,1.1179581,-9.4536106
3.42217707634,4.118793,-0.3138128,-9.610517
3.43240594864,1.569064,1.0591182,-9.6889702
3.44207811356,3.92266,0.1372931,-10.1008495
3.4525411129,7.256921,1.1375714,-9.6693569
3.4619410038,5.0602314,0.5687857,-10.0812362
3.47192907333,1.3925443,0.6276256,-10.2969825
3.48194503784,1.9024901,0.0196133,-10.2381426
3.49196505547,3.8638201,0.5295591,-10.3558224
3.50222611427,2.6085689,0.196133,-10.5323421
3.51224803925,0.2157463,-0.0980665,-10.591182
3.5226559639,0.1176798,0.0392266,-10.2969825
3.5317440033,-0.3530394,-0.1176798,-10.6500219
3.54212808609,-4.0599531,-1.9417167,-10.2773692
3.5519721508,-5.4524974,0.3530394,-10.8461549
3.56203913689,-2.1770763,-1.3925443,-11.375714
3.57207202911,-1.6475172,-1.569064,-11.4541672
3.58206605911,-5.687857,-1.2748645,-10.8657682
3.59211206436,-6.7862018,-1.5886773,-10.3165958
3.60206103325,-2.941995,-0.8237586,-9.6889702
3.61241602898,-0.2941995,-0.588399,-9.5712904
3.62191200256,-1.7848103,-0.2941995,-9.5516771
3.63271212578,-3.2754211,-0.8433719,-9.5712904
3.64201116562,-2.6674088,-1.4513842,-9.2378643
3.65214300156,-0.6864655,-0.1372931,-9.80665
3.67181611061,-0.8237586,-1.176798,-9.3947707
3.68904805183,-2.3732093,-0.6472389,-8.7279185
3.68908596039,-3.1577413,-1.4709975,-9.022118
3.70029306412,-1.569064,-0.9022118,-9.3751574
3.70481514931,0.1765197,-0.4118793,-9.1201845
3.71229505539,0.6472389,-0.6080123,-8.5710121
3.72216200829,0.5687857,0.2941995,-8.2964259
3.732432127,-0.3138128,-1.0002783,-8.825985
3.74179506302,-0.2157463,0.0,-7.453054
3.75177693367,5.0013915,0.2745862,-7.0019481
3.76177597046,6.1978028,0.2941995,-7.1000146
3.77207398415,2.7850886,0.5295591,-7.3746008
3.78183412552,3.8638201,0.5295591,-7.4334407
3.7919819355,6.6292954,0.0980665,-8.6494653
3.80200815201,5.5897905,0.2157463,-9.4732239
3.81182003021,2.3143694,-0.2353596,-10.2773692
3.82190108299,2.4712758,-0.0196133,-10.0616229
3.83188509941,4.3345393,-0.1176798,-9.7085835
3.84197402,5.6094038,0.2353596,-9.2967042
3.85197710991,4.7660319,0.7060788,-9.1397978
3.86176013947,4.7464186,0.5099458,-9.1201845
3.87169098854,6.8842683,0.9218251,-8.9828914
3.88195014,7.453054,1.0002783,-9.1594111
3.89203000069,5.8643767,0.980665,-9.4928372
3.90192008018,5.1975245,0.9218251,-9.6301303
3.91212010384,5.6094038,0.9414384,-9.610517
3.92220401764,5.5309506,1.0787315,-9.4339973
3.93210506439,4.6483521,1.1375714,-9.4536106
3.94193410873,4.2168595,1.0395049,-9.9047165
3.95197510719,4.903325,1.176798,-9.8262633
3.9619550705,5.0602314,1.1179581,-9.5909037
3.97187614441,3.9814999,1.0591182,-9.5320638
3.98213005066,3.4715541,1.1964113,-9.8851032
3.99195599556,3.4323275,0.8629852,-10.0616229
4.00210309029,2.6870221,0.784532,-9.9243298
4.0122089386,1.8632635,0.3726527,-10.0812362
4.02181911469,1.1179581,0.3530394,-10.0616229
4.03212094307,1.372931,0.6276256,-9.9243298
4.04187703133,1.2748645,0.4903325,-9.8654899
4.05187702179,0.5491724,0.3138128,-9.9439431
4.06168293953,0.0196133,0.3334261,-9.610517
4.07188606262,0.2353596,0.2549729,-9.6497436
4.08180713654,0.5295591,0.5295591,-9.8851032
4.09181404114,-1.4121576,-0.196133,-10.6696352
4.10181212425,-4.6679654,-1.8632635,-10.0812362
4.11178398132,-5.8447634,-1.0198916,-10.3362091
4.12180399895,-1.6867438,-1.0983448,-11.1599677
4.13172507286,-2.4712758,-1.6867438,-10.787315
4.14179801941,-6.080123,-0.7060788,-10.3558224
4.1517829895,-5.4524974,-1.1375714,-9.8262633
4.16178011894,-1.0591182,0.0588399,-9.3163175
4.17234611511,0.8041453,-0.1176798,-9.218251
4.18221116066,0.0784532,0.0980665,-9.2967042
4.19177699089,-1.8240369,-0.7649187,-9.4339973
4.20201396942,-2.5693423,-0.392266,-9.6301303
4.2122900486,-2.5105024,-1.0591182,-9.2967042
4.22231197357,0.2549729,-0.2941995,-9.1201845
4.23178601265,0.7060788,-1.2356379,-9.4536106
4.24182605743,-1.2356379,-1.1571847,-9.5124505
4.25205111504,-2.6477955,-0.5295591,-9.0025047
4.26174712181,-0.588399,-0.8433719,-8.7083052
4.2719399929,0.784532,-0.588399,-8.4729456
4.28173995018,0.6080123,-0.0980665,-8.3356525
4.29168915749,1.176798,-0.0980665,-7.8649333
4.30174303055,4.8640984,0.588399,-7.6688003
4.31175613403,4.9229383,0.588399,-7.3157609
4.32197213173,1.7259704,-0.4118793,-7.7668668
4.33167099953,4.5895122,0.9610517,-7.8257067
4.34223008156,7.060788,-0.784532,-8.7279185
4.35166096687,19.1425808,-5.9624432,-13.0820711
4.36161613464,26.7329279,1.4513842,-11.1403544
4.37195897102,10.3558224,-0.1176798,-10.9246081
4.38191413879,-5.6094038,-1.4513842,-11.7875933
4.39219403267,-4.3345393,0.1569064,-10.6696352
4.4019651413,8.7475318,1.372931,-8.7475318
4.41211605072,7.6688003,1.2356379,-8.7279185
4.42193102837,1.2356379,-0.1176798,-9.8458766
4.43186211586,-1.9221034,-1.2944778,-10.2773692
4.4421081543,-1.6279039,-0.2353596,-10.3754357
4.45184612274,-0.1765197,0.8629852,-9.2770909
4.46218109131,2.8635418,0.5491724,-8.0022264
4.47180104256,3.0989014,0.4118793,-8.6690786
4.48200702667,1.176798,0.3138128,-9.4339973
4.49193310738,-1.0591182,-0.7060788,-9.7870367
4.50221514702,-0.6080123,-0.1372931,-9.5712904
4.51209807396,1.8240369,0.4511059,-8.9436648
4.52205705643,2.6674088,0.2157463,-9.3751574
4.532310009,1.4906108,0.0392266,-9.610517
4.5424580574,0.4903325,-0.2353596,-9.6889702
4.55182003975,0.5491724,0.0196133,-9.7478101
4.56185007095,0.7649187,0.0,-9.8851032
4.57182312012,1.1375714,-0.1176798,-9.8458766
4.58211493492,1.2160246,0.0784532,-9.7281968
4.59212303162,0.784532,-0.196133,-9.9831697
4.60179495811,0.7060788,0.1176798,-10.2185293
4.61200404167,0.5687857,-0.2353596,-10.1793027
4.6217880249,0.6668522,-0.2157463,-10.0812362
4.63221096992,0.4903325,-0.4314926,-9.8458766
4.64199399948,0.4314926,-0.3334261,-9.7870367
4.65199112892,0.3334261,-0.196133,-9.7478101
4.662099123,-0.1569064,-0.4903325,-9.8262633
4.67171216011,-3.1773546,-1.6082906,-10.2969825
4.68201494217,-5.7074703,-1.3140911,-11.179581
4.70203995705,-1.0787315,-1.2160246,-10.6500219
4.70772504807,-0.196133,-2.4320492,-10.3754357
4.71175813675,-5.1190713,-1.9417167,-9.9439431
4.72192716599,-7.2373077,-3.3146477,-9.7870367
4.73194694519,-2.0005566,-2.1182364,-9.1005712
4.74188494682,1.5494507,-2.1770763,-8.8848249
4.75192904472,-0.9610517,-1.2552512,-9.2967042
4.76212716103,-2.353596,-1.1179581,-9.1397978
4.77269506454,-2.2947561,-1.765197,-9.1005712
4.78190112114,-0.8825985,-1.5298374,-8.6886919
4.79186916351,0.1765197,-0.8825985,-9.1201845
4.80206108093,0.4118793,-1.4317709,-8.3944924
4.81187796593,-1.0983448,-0.9022118,-8.8455983
4.82231998444,-1.2160246,-1.3337044,-8.825985
4.83199810982,0.980665,-1.4906108,-8.3160392
4.84180212021,1.2552512,-1.0002783,-8.4729456
4.85205316544,1.0395049,-1.569064,-8.3944924
4.86191606522,3.2558078,-1.0787315,-8.1983594
4.87211894989,9.7870367,0.3530394,-7.4922806
4.88178801537,28.4000584,1.96133,-8.9240515
4.89184594154,16.8870513,5.3740442,-8.9044382
4.90181112289,8.9632781,2.7066354,-9.2378643
4.9122440815,0.2745862,-0.1372931,-11.6699135
4.92209005356,1.4709975,1.372931,-11.2580342
4.93183302879,4.7660319,-1.2160246,-10.1008495
4.94205498695,5.9820565,-0.3334261,-8.7083052
4.95208406448,0.4903325,-0.1569064,-9.9047165
4.96211695671,-1.6867438,-0.9022118,-10.1793027
4.97181916237,1.765197,0.2941995,-9.3751574
4.98187112808,2.5889556,0.1176798,-8.3552658
4.99249315262,-0.3334261,0.6276256,-8.4729456
5.00203895569,-2.0201699,0.8433719,-9.2770909
5.01213407516,-1.3337044,-0.7256921,-8.5317855
5.02211809158,-0.1372931,0.6864655,-9.022118
5.03179097176,0.1372931,0.196133,-9.5516771
5.04209494591,0.2353596,-0.5491724,-9.5909037
5.0517950058,0.1176798,-0.1765197,-9.8851032
5.0619969368,0.0588399,-0.0196133,-10.2381426
5.07288813591,0.4118793,-0.3530394,-9.9439431
5.08203101158,0.588399,0.0980665,-9.8851032
5.09204506874,0.4118793,-0.392266,-10.1008495
5.10196709633,-0.0392266,-0.3530394,-10.0420096
5.11281895638,0.0196133,-0.0588399,-10.1793027
5.12166714668,2.9812216,0.3138128,-10.0616229
5.13260602951,4.707192,0.4903325,-9.2574776
5.14195013046,2.549729,0.8433719,-9.1790244
5.1522500515,0.980665,0.2353596,-9.4732239
5.1622159481,2.7262487,0.2549729,-10.0616229
5.17215108871,3.0989014,-0.5491724,-10.395049
5.18193697929,1.4906108,-1.4317709,-10.5127288
5.19218111038,1.3140911,-1.372931,-10.1793027
5.20194101334,-0.8237586,-2.6085689,-11.6699135
5.21193408966,-7.3157609,-3.4519408,-10.983448
5.22211098671,-6.1193496,-2.8831551,-10.8265416
5.23214912415,0.5099458,-2.8047019,-10.5127288
5.24191999435,-0.3726527,-2.2947561,-10.5519554
5.25189614296,-6.3547092,-2.1378497,-9.8851032
5.26266312599,-6.1978028,-1.6082906,-8.8848249
5.27210593224,-0.9022118,-1.2356379,-8.3552658
5.28208112717,1.0395049,-0.0784532,-8.3356525
5.29231715202,-2.6085689,-1.0787315,-9.218251
5.30213809013,-4.0991797,-1.1571847,-9.1005712
5.31206703186,-2.0201699,-1.7848103,-9.4536106
5.32183504105,-0.3530394,-1.5102241,-9.0809579
5.33219099045,-1.9024901,-2.0005566,-9.0417313
5.34227013588,-2.6674088,-1.8828768,-9.2574776
5.35176515579,-1.5494507,-1.8044236,-8.4533323
5.36178302765,0.8237586,-1.3925443,-8.2964259
5.37277603149,0.9218251,-0.9022118,-8.6102387
5.38202500343,0.5295591,-0.8629852,-8.7279185
5.39226603508,0.3726527,-1.5298374,-8.2571993
5.40227198601,2.0397832,-0.0980665,-8.4533323
5.4122710228,31.4401199,-9.4339973,-17.1812508
5.42203211784,20.7312581,3.9030467,-9.9635564
5.43237709999,-0.6472389,2.3928226,-11.3561007
5.44207000732,-13.1016844,0.7453054,-11.6895268
5.45186114311,-6.3350959,1.6671305,-9.1005712
5.46228098869,14.3765489,2.4908891,-6.6292954
5.47223114967,6.6489087,-0.392266,-10.6304086
5.48198103905,-3.9030467,-0.2353596,-11.7483667
5.49204397202,-6.4920023,-0.0980665,-10.2969825
5.50221014023,4.0599531,-0.0196133,-8.6886919
5.51228904724,6.0016698,0.1372931,-8.1591328
5.52220702171,-1.0591182,-0.8825985,-8.433719
5.5320019722,-4.6483521,-0.5295591,-8.1983594
5.54214811325,-2.1182364,-0.1569064,-9.4536106
5.55225515366,1.3140911,-0.8629852,-9.1790244
5.5622420311,7.0215614,1.1964113,-8.9828914
5.57216405869,6.0605097,1.4317709,-8.2571993
5.58197593689,-1.0198916,-0.8237586,-9.2574776
5.59239506721,-1.2748645,0.1765197,-9.8458766
5.60203099251,6.6489087,1.2944778,-8.6886919
5.61214613914,8.6102387,1.5886773,-9.1201845
5.62196302414,3.0204482,0.0588399,-9.8654899
5.63214802742,-1.1375714,0.7060788,-10.2773692
5.64255309105,1.6082906,0.9022118,-10.1008495
5.6523680687,4.5502856,0.0588399,-9.6693569
5.66192913055,3.726527,0.3530394,-10.0223963
5.67233300209,0.9022118,-0.392266,-10.6107953
5.6819870472,-1.2160246,-0.6472389,-10.3754357
5.69230794907,1.3337044,-1.4121576,-10.3558224
5.70222997665,3.2361945,-1.4121576,-10.2577559
5.71613693237,1.5886773,0.7256921,-11.179581
5.72777295113,-0.5099458,-1.6867438,-10.9638347
5.73883414268,-0.7453054,-1.4906108,-10.5127288
5.75112509727,0.6472389,-0.1176798,-10.0223963
5.76038002968,-0.980665,-1.2748645,-9.8458766
5.7627389431,-4.7660319,-1.5298374,-10.3362091
5.77276611328,-3.6480738,-0.6276256,-10.8657682
5.78177714348,-1.96133,-2.4516625,-10.8461549
5.79201412201,-4.1580196,-1.4513842,-10.6107953
5.80208396912,-6.1978028,-2.0005566,-9.7674234
5.8120610714,-4.0011132,-1.5298374,-8.9436648
5.82204294205,-1.1964113,-1.2748645,-8.3944924
5.83293795586,-0.980665,-1.1375714,-8.2179727
5.84224915504,-2.1378497,-1.2552512,-8.9044382
5.85203409195,-3.0008349,-1.8436502,-8.825985
5.86206197739,-1.2944778,-1.0395049,-9.0613446
5.87203907967,-0.1765197,-1.3533177,-9.2378643
5.88203907013,-1.8436502,-0.8433719,-9.1594111
5.8920519352,-2.7654753,-1.0002783,-8.7083052
5.90199613571,-2.0201699,-0.8433719,-8.433719
5.91203308105,0.2745862,-0.2549729,-8.5513988
5.92247796059,1.1375714,-0.2353596,-8.5906254
5.93198204041,5.9232166,-1.372931,-8.1395195
5.94197511673,36.5395779,2.8831551,-17.65197
5.95199799538,9.5909037,-0.9414384,-13.6900834
5.96199297905,-8.237586,1.1179581,-10.983448
5.97231316566,-6.4135491,-1.5102241,-8.4533323
5.98518514633,6.4331624,3.5107807,-10.1400761
5.99197912216,11.3168741,2.2359162,-9.2967042
6.001912117,3.2558078,0.4707192,-10.1204628
6.01231813431,-2.941995,0.2157463,-9.7870367
6.02229309082,-3.2165812,-0.1765197,-9.2574776
6.03200793266,0.1372931,-0.2941995,-8.825985
6.04200196266,3.6480738,0.4707192,-9.1201845
6.05290293694,2.4712758,-0.2549729,-9.7281968
6.06225609779,-0.7060788,-0.0196133,-9.9635564
6.07243204117,-0.6276256,0.1176798,-9.8458766
6.08300614357,-0.4314926,-0.0196133,-9.9243298
6.09238505363,0.392266,0.0980665,-9.9831697
6.10192108154,3.1577413,0.8825985,-9.6301303
6.11187911034,7.3746008,1.8632635,-8.4533323
6.12234902382,4.2756994,0.6080123,-8.1199062
6.13255095482,1.8044236,1.8828768,-8.8063717
6.14277005196,6.9234949,1.8436502,-8.3160392
6.15216398239,7.9629998,1.1571847,-9.0025047
6.16219615936,4.7660319,1.1571847,-9.2770909
6.17211008072,1.1571847,0.6472389,-9.8654899
6.18239092827,2.5889556,0.7256921,-10.3362091
6.19285202026,3.9814999,0.7649187,-9.610517
6.2022960186,2.9027684,-0.0196133,-10.0223963
6.21210598946,0.6472389,0.3530394,-10.395049
6.22229194641,0.0980665,-0.1569064,-10.2773692
6.24268198013,2.2555295,0.392266,-10.3362091
6.26377511024,2.0005566,0.0588399,-10.2381426
6.26380610466,0.6080123,0.0784532,-10.6107953
6.28202795982,0.0392266,0.0784532,-10.6304086
6.28206801414,0.2745862,-0.1176798,-10.4931155
6.32225394249,0.0,-0.2549729,-10.6892485
6.32228803635,-4.3933792,-1.765197,-11.6306869
6.32230997086,-6.9627215,-1.7259704,-12.0425662
6.32232904434,-3.0792881,-0.1569064,-11.9444997
6.36894011497,-1.1964113,-2.9027684,-11.2188076
6.36902594566,-6.080123,-1.1571847,-10.8657682
6.37065911293,-8.8652116,-2.745862,-10.6500219
6.37260103226,-4.2953127,-1.2160246,-9.5124505
6.40289211273,-0.7649187,-1.3140911,-9.0613446
6.4051361084,-2.9223817,-0.8433719,-8.7279185
6.40758013725,-5.6486304,-1.5298374,-9.5320638
6.4100830555,-3.4715541,-1.0002783,-9.1397978
6.41285800934,1.0395049,-0.8433719,-8.5513988
6.41842103004,-0.5687857,-0.7060788,-8.629852
6.42229008675,-4.0599531,-0.2157463,-8.6886919
6.43201804161,-3.138128,-0.8825985,-8.3748791
6.44243812561,0.3138128,-0.4314926,-7.8845466
6.45221209526,1.765197,0.1569064,-7.3746008
6.46190309525,3.9422733,0.0392266,-7.060788
6.47255206108,30.2829352,8.0806796,5.5897905
6.48220705986,19.0837409,-0.0784532,-8.5710121
6.4923620224,3.3931009,-0.6080123,-14.1804159
6.50256204605,-12.160246,-0.4903325,-13.5135637
6.51194095612,0.0588399,-4.7856452,-10.3754357
6.52186703682,8.7083052,0.7649187,-8.041453
6.53240013123,6.9038816,-0.8041453,-9.6889702
6.54200601578,-1.9221034,0.0392266,-10.9049948
6.55226016045,-3.4323275,-0.8041453,-9.9047165
6.5622150898,2.1182364,0.3334261,-8.6102387
6.5721180439,4.1384063,-0.1569064,-8.4141057
6.58234000206,1.6475172,-0.0784532,-8.7279185
6.59212708473,-0.1569064,-0.2745862,-9.2378643
6.60185813904,-1.1571847,-0.3530394,-9.6301303
6.61205101013,1.7063571,0.1372931,-9.218251
6.6222910881,5.8251501,0.9610517,-8.9828914
6.6320271492,4.903325,0.5099458,-8.2179727
6.64231610298,1.0395049,1.7063571,-8.8455983
6.65216207504,2.549729,0.6276256,-9.0613446
6.66201806068,7.1196279,0.9218251,-9.1986377
6.67225503922,5.9820565,0.8433719,-9.6301303
6.68281698227,1.8828768,0.4511059,-10.002783
6.69229698181,1.7455837,0.2549729,-9.8262633
6.70243597031,5.687857,0.3726527,-9.6693569
6.71247410774,5.88399,0.4707192,-9.6693569
6.72241711617,2.1966896,0.0588399,-9.9831697
6.73205208778,1.4906108,-0.196133,-10.0420096
6.74196410179,4.2953127,0.0784532,-10.3362091
6.75201702118,4.7464186,0.2745862,-9.7085835
6.77546095848,1.372931,0.2745862,-9.5516771
6.79060101509,-0.2157463,0.2353596,-10.4342756
6.7910130024,1.7848103,0.4314926,-10.3754357
6.8062889576,1.8240369,0.0980665,-10.0616229
6.82351112366,1.1964113,0.2941995,-10.1793027
6.82357597351,0.6080123,0.2549729,-9.9831697
6.83120799065,0.1765197,0.1765197,-9.9439431
6.83301615715,-3.4323275,-0.3138128,-10.3754357
6.84299206734,-7.9237732,1.0198916,-11.4933938
6.85242414474,-7.4334407,-1.6082906,-10.5127288
6.86194801331,-2.2751428,-2.7066354,-12.1798593
6.87204313278,-3.530394,-1.8828768,-11.5130071
6.88217806816,-7.8060934,-2.0005566,-10.6304086
6.89245510101,-7.1588545,-1.9809433,-9.5320638
6.90224194527,-2.2163029,-0.5099458,-8.8455983
6.91188812256,-0.0588399,-0.5099458,-8.9240515
6.92199110985,-1.9221034,0.2941995,-9.5516771
6.93220496178,-3.2950344,-0.8237586,-8.825985
6.94247102737,-2.549729,-0.4511059,-9.1594111
6.9521510601,-0.8629852,-0.1176798,-8.7279185
6.9622130394,-0.784532,-0.9414384,-8.9240515
6.97240900993,-2.6477955,-0.1372931,-8.6494653
6.98203396797,-6.1585762,-1.0002783,-8.5317855
6.99207997322,24.320492,3.2558078,-4.1776329
7.00198793411,24.1635856,0.9218251,-6.472389
7.0121281147,-10.6500219,2.7262487,-10.4538889
7.02207612991,-15.0434011,-0.4118793,-12.3367657
7.0360429287,3.4127142,3.1773546,-6.8450417
7.04211211205,11.179581,2.2359162,-8.433719
7.05226111412,0.9610517,1.4709975,-10.1204628
7.06444406509,0.1372931,-1.0002783,-10.1400761
7.07209897041,-4.6679654,-0.0980665,-10.1204628
7.08715200424,-1.0395049,-0.4707192,-9.6301303
7.09310102463,3.3734876,0.9022118,-9.4928372
7.1022810936,-0.6080123,-2.0986231,-10.5519554
7.11532902718,-4.4129925,-0.7453054,-10.4931155
7.12246704102,-4.0207265,-0.7649187,-9.9831697
7.13220000267,0.7256921,-0.980665,-8.629852
7.1435251236,1.765197,0.1176798,-8.6886919
7.15208601952,1.0983448,-1.0983448,-8.2179727
7.16248893738,3.0204482,-0.3334261,-8.1787461
7.17721199989,6.3154826,0.392266,-7.1588545
7.18201303482,6.0605097,0.4314926,-7.256921
7.19422411919,6.1585762,2.4516625,-7.4726673
7.20549106598,9.3751574,0.8433719,-8.9436648
7.21193909645,7.5118939,1.0591182,-9.7870367
7.22799897194,4.8052585,1.3140911,-9.8851032
7.23413801193,4.3737659,1.0002783,-9.7674234
7.24227404594,6.4135491,1.4121576,-10.002783
7.25619697571,4.3345393,0.5295591,-9.7478101
7.26603412628,2.6085689,0.7649187,-10.1793027
7.27218413353,3.1577413,0.588399,-10.1008495
7.28439903259,4.8640984,0.5491724,-10.1596894
7.29392695427,3.9422733,0.5491724,-11.2776475
7.30216908455,1.8436502,0.196133,-10.9246081
7.31288814545,1.7259704,0.2745862,-10.5519554
7.32241892815,1.7259704,0.3726527,-10.8461549
7.33236908913,0.8825985,-0.0196133,-11.1599677
7.34217596054,0.9022118,0.2353596,-11.0030613
7.35218715668,0.6080123,-0.0784532,-10.6892485
7.36237502098,-4.8444851,-1.372931,-11.0619012
7.37248396873,-7.2765343,-0.7060788,-13.5135637
7.38226103783,-2.6281822,-1.2944778,-11.8464332
7.39236593246,-0.9610517,-2.1378497,-11.8660465
7.40216302872,-4.2756994,-1.5298374,-10.9638347
7.41238999367,-6.7665885,-1.5494507,-10.198916
7.42211794853,-3.5500073,-0.7649187,-9.3751574
7.43229198456,0.6276256,-0.392266,-9.1397978
7.44233512878,0.6864655,0.3530394,-9.3947707
7.45230793953,-1.4513842,-0.4707192,-9.6889702
7.46236896515,-3.0792881,0.0392266,-9.3947707
7.47235512733,-2.5889556,-1.0591182,-9.8458766
7.48211407661,0.4903325,-0.0784532,-9.7870367
7.49204802513,0.0784532,-1.3533177,-9.4339973
7.5022790432,-2.6477955,-0.7256921,-9.3555441
7.5125451088,18.5149552,-5.4132708,-7.2961476
7.5224199295,28.0862456,-0.7649187,-6.8058151
7.53227710724,8.9632781,0.6472389,-11.8856598
7.54236197472,-10.2381426,1.2160246,-12.7290317
7.55251598358,-3.138128,-2.5301157,-8.1983594
7.565335989,10.591182,0.784532,-7.7276402
7.57251000404,5.4524974,0.5099458,-9.0809579
7.58232998848,-4.2756994,1.0198916,-11.1011278
7.59354305267,-4.2168595,0.0392266,-8.1591328
7.60196614265,-0.4118793,-0.8825985,-8.4925589
7.61212611198,4.3737659,0.9610517,-8.9044382
7.62701511383,0.6472389,-0.6472389,-9.0809579
7.63325500488,-4.4914457,-1.0591182,-9.1397978
7.64421200752,-3.9030467,-1.3925443,-9.0025047
7.65550303459,2.7262487,-0.9022118,-8.4533323
7.66421413422,3.3931009,-0.2353596,-8.3748791
7.67823600769,1.4906108,-0.6864655,-8.6102387
7.68396115303,-2.2163029,-2.4124359,-7.649187
7.6924841404,-0.9218251,-1.3140911,-9.1397978
7.70645308495,8.8652116,-0.8825985,-7.84532
7.71228694916,10.6304086,0.2745862,-7.1784678
7.72243714333,-0.2745862,0.392266,-6.6096821
7.73503303528,6.9234949,2.5693423,-6.8254284
7.74218797684,13.0820711,1.1375714,-7.4138274
7.75198316574,7.4334407,1.3337044,-8.9240515
7.76299715042,0.8825985,0.6668522,-10.9246081
7.77241301537,6.1585762,0.2745862,-10.3165958
7.78295993805,10.3362091,-0.0196133,-9.022118
7.81515002251,4.2364728,-0.5491724,-9.2378643
7.81518602371,1.176798,-0.5295591,-9.7870367
7.83645200729,4.0795664,-0.5099458,-10.8657682
7.83652710915,8.6886919,-0.196133,-9.414384
7.87482595444,6.6292954,-0.2745862,-10.0616229
7.87525415421,1.176798,-0.4314926,-9.9635564
7.87528514862,1.8240369,-0.3334261,-10.9442214
7.87530612946,4.6875787,-0.8041453,-9.80665
7.87755799294,3.7461403,-0.5687857,-11.0619012
7.88234305382,0.9022118,-0.4314926,-10.6500219
7.89232206345,-0.5491724,-1.0002783,-9.9243298
7.90249800682,-4.9425516,-1.6671305,-10.395049
7.91239500046,-11.8072066,-1.1179581,-11.9444997
7.92255806923,-4.707192,-2.0397832,-12.2583125
7.93239808083,-1.4709975,-3.2558078,-11.9052731
7.9421620369,-4.6679654,-2.1378497,-11.1991943
7.95288395882,-9.1594111,-2.4124359,-10.5323421
7.96206498146,-5.4524974,-1.176798,-9.3359308
7.97236514091,0.4118793,-0.7649187,-8.5710121
7.98228001595,0.6276256,-0.784532,-8.8848249
7.99226999283,0.1176798,-0.3726527,-8.8063717
8.00226712227,-0.9218251,-0.6668522,-9.3555441
8.01233005524,-2.7654753,-1.3140911,-9.1005712
8.02241206169,-3.6480738,-2.6085689,-8.2571993
8.03230595589,-0.0588399,-0.4903325,-9.5712904
8.04233407974,1.0395049,-2.1182364,-9.6693569
8.05202198029,-3.0792881,-1.0787315,-9.0809579
8.06233716011,-3.5107807,-1.3925443,-8.5906254
8.07247710228,0.5099458,-1.1964113,-7.9041599
8.0823340416,0.8825985,-0.8629852,-8.5317855
8.09233093262,26.1053023,4.0403398,-1.8436502
8.10246014595,22.8887211,3.8442068,-8.3944924
8.1121931076,0.0980665,0.588399,-8.3356525
8.12246704102,-14.5530686,0.8825985,-8.1395195
8.1322350502,-6.2370294,-1.3140911,-8.3552658
8.14190196991,9.1201845,1.0395049,-9.1986377
8.15238714218,4.5895122,0.0,-8.433719
8.16447710991,-8.0022264,-1.6279039,-7.4922806
8.17203593254,-9.0613446,-1.4906108,-9.6693569
8.18218994141,-0.5687857,0.2941995,-10.0420096
8.19237804413,6.8842683,-0.2353596,-8.237586
8.20256900787,0.9022118,-0.9610517,-9.2378643
8.21243906021,-8.0218397,-1.569064,-6.6881353
8.22640395164,-4.8837117,-2.3339827,-10.6304086
8.23239612579,0.3138128,-2.353596,-8.4533323
8.24313497543,2.3928226,-0.8629852,-9.1790244
8.25438499451,5.7466969,-1.2356379,-8.7083052
8.262196064,7.5511205,-0.784532,-9.7281968
8.27716112137,2.4320492,-1.0395049,-9.8262633
8.282984972,3.2950344,1.9417167,-7.9826131
8.292137146,9.8654899,0.6276256,-7.9629998
8.30538702011,8.3356525,1.6475172,-8.7867584
8.3125679493,3.3931009,1.1179581,-9.7281968
8.32234501839,3.6284605,0.0,-9.7281968
8.33371901512,6.8450417,1.0198916,-9.3751574
8.34232711792,6.0997363,0.3334261,-9.2574776
8.35290598869,3.3734876,0.2549729,-9.7674234
8.3672990799,1.0591182,-0.2157463,-9.5909037
8.37215614319,5.2367511,-0.196133,-9.9635564
8.38431811333,6.6096821,0.3530394,-9.9439431
8.39603996277,1.7848103,0.0196133,-10.2969825
8.40208411217,-0.0588399,0.1765197,-10.198916
8.4189889431,1.4121576,0.0196133,-10.3558224
8.42723894119,1.2552512,-0.196133,-10.5715687
8.43401908875,1.6279039,0.5687857,-10.5323421
8.44295716286,1.2552512,0.2157463,-10.3165958
8.4529800415,-4.2168595,-1.7063571,-11.4149406
8.46292114258,-8.5317855,-0.2941995,-11.1599677
8.47228312492,-3.9422733,-1.3140911,-12.0817928
8.48312997818,-1.1964113,-1.8436502,-11.7091401
8.4923081398,-3.7461403,-1.5298374,-11.179581
8.5022521019,-7.060788,-1.5298374,-10.3362091
8.51227712631,-4.6287388,-1.0002783,-9.4339973
8.52251315117,0.0,-0.2549729,-8.9240515
8.53309798241,0.588399,0.1176798,-8.9632781
8.54231095314,-1.3337044,-0.1176798,-9.4732239
8.5524930954,-2.6674088,-0.9218251,-9.7085835
8.56225395203,-3.0989014,-1.176798,-8.8848249
8.57295012474,-0.8041453,0.2157463,-9.1986377
8.58267498016,-0.2941995,-1.0983448,-9.2967042
8.59258198738,-2.2751428,-0.2549729,-9.1005712
8.60217499733,-3.1773546,-1.0395049,-8.9240515
8.61225509644,-0.6080123,0.0,-8.7279185
8.62279105186,19.5348468,-5.8251501,-5.3936575
8.63239312172,32.9307307,-1.8240369,-10.4735022
8.6425049305,12.1014061,5.6094038,-12.748645
8.65226006508,-13.1016844,-0.8433719,-11.6699135
8.66523504257,-7.9041599,-0.5099458,-7.9629998
8.67510509491,7.6295737,-0.0392266,-8.3748791
8.68279910088,7.5315072,0.0,-9.2967042
8.69398093224,-1.4906108,-1.7259704,-9.610517
8.70390200615,-5.3544309,-0.1372931,-7.9433865
8.7130420208,-1.8828768,-0.7060788,-8.8063717
8.7274749279,1.0787315,-0.6472389,-10.2773692
8.73223996162,5.1582979,0.588399,-10.1596894
8.74242115021,1.5102241,-0.2941995,-9.6693569
8.75630903244,-3.9422733,-0.7649187,-9.3359308
8.76276397705,-4.7660319,-0.9218251,-10.4538889
8.77257299423,-0.4707192,-0.6864655,-9.8262633
8.7843670845,2.5693423,-0.4314926,-10.1008495
8.79381799698,2.9616083,0.7453054,-7.8060934
8.8030769825,5.3544309,-0.0196133,-7.4334407
8.83106994629,5.6094038,0.5099458,-6.9038816
8.83117103577,2.4124359,1.2552512,-7.5707338
8.85433697701,9.1790244,2.2359162,-7.6688003
8.85438108444,11.179581,0.7256921,-7.6295737
8.90035605431,5.9624432,1.3140911,-9.4339973
8.90039896965,4.1972462,1.3140911,-9.9047165
8.90042209625,7.4138274,1.5102241,-8.8652116
8.90044403076,8.6102387,1.6475172,-8.237586
8.91360211372,4.4326058,1.3337044,-8.629852
8.91397809982,2.9812216,1.7848103,-9.0025047
8.93621611595,6.3350959,0.9218251,-8.9828914
8.93624997139,7.2176944,0.4707192,-10.7088618
8.95849895477,2.6281822,0.8433719,-10.983448
8.95855402946,-0.1176798,-0.5295591,-10.3754357
8.99282002449,0.4118793,-0.8041453,-10.6892485
8.99354100227,1.0198916,-0.2353596,-11.0422879
8.99384903908,1.4709975,-0.1765197,-10.3754357
8.99418997765,-2.5693423,-0.588399,-11.0422879
8.99431014061,-9.2574776,-1.8044236,-12.4936721
9.00271916389,-9.3947707,-1.5494507,-12.9643913
9.01291894913,-5.2367511,-3.1969679,-12.944778
9.02297711372,-5.9428299,-2.1770763,-12.3956056
9.03269004822,-9.4339973,-2.8047019,-11.2776475
9.04259395599,-8.7279185,-2.2947561,-10.2381426
9.05301594734,-3.7461403,-0.9610517,-9.4536106
9.06289696693,-0.2157463,-0.4707192,-9.1790244
9.07302212715,0.0392266,0.2941995,-8.7867584
9.08272910118,-2.1182364,-0.784532,-9.5124505
9.09346795082,-3.6284605,-0.8237586,-9.7870367
9.10249614716,-3.4715541,-1.4709975,-8.8848249
9.11244416237,0.2549729,0.5295591,-9.3947707
9.12321615219,0.2745862,-1.1964113,-9.2967042
9.13262009621,-3.0400615,-0.5099458,-8.6690786
9.14330005646,-2.6870221,-0.5491724,-8.825985
9.15276408195,0.392266,-0.5491724,-8.3944924
9.1624610424,0.6080123,-0.2353596,-7.9629998
9.17239904404,10.002783,-3.0204482,-4.0403398
9.18234205246,33.5191297,1.8436502,-8.1395195
9.19284200668,20.9077778,2.7262487,-9.8654899
9.2032699585,-13.3566573,-0.4903325,-6.1389629
9.21319103241,-14.5530686,-1.3533177,-13.0624578
9.22595500946,0.980665,-0.8825985,-12.6701918
9.23605203629,10.8069283,0.4118793,-9.3555441
9.24304199219,4.8248718,0.5687857,-9.3359308
9.25401806831,-12.3367657,-1.4121576,-9.5712904
9.26507902145,-9.022118,-1.4121576,-9.6497436
9.27277803421,0.9022118,1.2552512,-9.0025047
9.28795695305,9.0025047,0.4511059,-8.6886919
9.29929304123,2.0986231,0.0,-10.2185293
9.30400514603,-4.0991797,-0.1765197,-7.256921
9.31290197372,-3.6088472,-0.1765197,-9.218251
9.32722115517,-0.0784532,-1.0395049,-9.2770909
9.33705115318,8.1199062,0.1176798,-8.825985
9.34317612648,9.3947707,1.2944778,-8.4925589
9.35254812241,4.0991797,0.7060788,-6.0408964
9.36510396004,1.6475172,2.4908891,-9.7085835
9.37633013725,14.2000292,-0.0392266,-7.8845466
9.38300514221,11.0619012,1.372931,-7.5903471
9.39324212074,0.7060788,1.4121576,-9.5516771
9.40496397018,4.2364728,0.2745862,-10.6304086
9.41496706009,8.825985,1.3925443,-9.6889702
9.43222403526,6.5312289,0.6668522,-8.8063717
9.46342992783,0.5099458,0.4903325,-10.1400761
9.46346116066,-0.0588399,0.7453054,-9.6693569
9.46348214149,5.8643767,0.6276256,-10.4735022
9.48548913002,5.0210048,0.2157463,-10.0420096
9.48552703857,3.6676871,0.6472389,-10.1008495
9.51124000549,1.2748645,1.4513842,-10.0812362
9.51144313812,0.2941995,-0.4903325,-9.6497436
9.5114710331,2.4516625,0.4511059,-10.2381426
9.51903605461,3.3734876,-0.2941995,-10.6500219
9.53106498718,0.8825985,-0.9610517,-10.6304086
9.54151296616,0.0,0.5099458,-10.6696352
9.54334902763,-0.0392266,-0.2353596,-9.9439431
9.55243015289,-4.9817782,-1.7063571,-10.4931155
9.57113409042,-7.3353742,-1.569064,-10.8853815
9.57785701752,-2.8243152,-1.8632635,-12.0817928
9.58264303207,-3.0792881,-2.2751428,-11.7287534
9.59262108803,-6.6489087,-1.765197,-11.1599677
9.61135196686,-8.6102387,-2.1966896,-10.591182
9.62146496773,-3.9422733,-0.8433719,-9.7085835
9.63684296608,0.1765197,-0.5687857,-9.2574776
9.63853502274,-0.8041453,-0.0588399,-9.610517
9.64306211472,-3.92266,-0.9218251,-9.4732239
9.65234804153,-4.8640984,-0.980665,-10.1400761
9.66269207001,-0.1569064,-0.1372931,-9.8851032
9.67378616333,2.0790098,-1.0591182,-7.9629998
9.6827981472,-2.0005566,-0.2549729,-8.1199062
9.69234108925,-2.941995,-1.2748645,-8.433719
9.70259714127,-0.1372931,-0.8041453,-7.7276402
9.71335911751,0.4314926,-0.1569064,-8.1591328
9.72277212143,10.2969825,0.980665,-2.8635418
9.73244595528,21.4373369,0.4707192,-11.5326204
9.7423889637,26.674088,3.8442068,-11.1599677
9.75259208679,2.7850886,5.9232166,-15.3768272
9.76379513741,-18.436502,1.0983448,-9.6693569
9.77530694008,0.4118793,-0.588399,-9.3359308
9.7827501297,12.1994726,0.4314926,-7.4334407
9.79233908653,7.3942141,0.5099458,-8.9240515
9.80351996422,-5.6094038,-1.0983448,-8.8848249
9.81270003319,-10.0420096,-2.7850886,-9.9047165
9.8228290081,-4.1384063,-0.6864655,-10.1400761
9.83744907379,6.2566427,-0.3334261,-8.7671451
9.86271810532,4.7660319,-0.0588399,-9.2378643
9.86276006699,-5.295591,-2.157463,-8.5317855
9.88856506348,-6.7077486,-1.9024901,-8.9828914
9.88864994049,-0.2941995,0.6668522,-9.1986377
9.93198204041,2.2947561,-1.0395049,-7.6099604
9.93207001686,3.9422733,0.0196133,-7.060788
9.93209600449,6.0212831,0.4314926,-9.2378643
9.93211698532,4.7660319,0.2353596,-8.0610663
9.95214009285,-0.9610517,0.196133,-9.2967042
9.95245194435,7.8649333,0.3138128,-7.9826131
9.95252394676,11.2972608,1.0198916,-8.5710121
9.97755408287,5.2171378,0.588399,-9.2770909
9.97762107849,2.7654753,1.4121576,-9.5909037
10.0024380684,9.2574776,1.0591182,-8.2179727
10.0025100708,10.3558224,1.8436502,-8.2179727
10.0025479794,5.2759777,1.8044236,-8.1787461
10.0278260708,4.0011132,1.8044236,-8.1787461
10.0278551579,8.0022264,0.5099458,-8.1199062
10.0525751114,6.7665885,0.4314926,-9.8262633
10.0526070595,3.2754211,0.4511059,-10.2185293
10.0526280403,1.8632635,-0.8629852,-10.6500219
10.0750150681,2.7850886,-0.7256921,-10.591182
10.0751149654,1.6279039,-0.9218251,-11.0422879
10.0777890682,0.6864655,-1.2356379,-10.787315
10.083491087,-0.5687857,-1.1179581,-10.8069283
10.0920610428,-9.9635564,-2.3143694,-11.4541672
10.1027181149,-10.9638347,-3.2558078,-13.2585908
10.112085104,-4.9229383,-4.0403398,-13.337044
10.1218640804,-4.6679654,-4.0795664,-12.9643913
10.1321339607,-10.1008495,-3.3146477,-11.9052731
10.1417520046,-11.3168741,-3.4127142,-10.4146623
10.1519160271,-5.9624432,-1.2552512,-9.0613446
10.1624200344,0.0196133,-1.0395049,-8.4729456
10.172907114,1.1179581,0.1569064,-8.3944924
10.1833701134,-1.6082906,-1.2160246,-9.2770909
10.1933159828,-4.0011132,-0.1569064,-9.5516771
10.202559948,-1.5102241,-1.0002783,-8.9240515
10.212469101,0.2353596,-1.2552512,-9.4339973
10.2222130299,1.3533177,-1.0983448,-9.2967042
10.2322740555,-2.4908891,-1.6867438,-8.6102387
10.2425630093,-2.8635418,-0.7060788,-7.9433865
10.2526431084,0.3334261,-1.176798,-7.5903471
10.2626199722,0.7060788,-0.4314926,-7.9826131
10.2722940445,21.3000438,-4.6483521,-13.3762706
10.282310009,26.7133146,-1.2552512,-0.7256921
10.291973114,10.9246081,-0.1176798,-8.4925589
10.3082511425,-12.2190859,1.0591182,-6.5900688
10.3131151199,-5.0210048,0.4903325,-8.0218397
10.3224110603,13.140911,-1.9221034,-8.433719
10.3362460136,12.2583125,0.7453054,-7.5118939
10.3424179554,0.7256921,1.0591182,-6.5900688
10.3527109623,-8.8848249,-1.0983448,-8.8652116
10.3646309376,-6.2566427,0.3138128,-10.2577559
10.3744130135,3.5500073,-0.8433719,-8.4533323
10.3821549416,5.295591,-0.3334261,-10.5715687
10.3932819366,-4.0599531,-1.1964113,-11.375714
10.4036650658,-5.6682437,-0.5491724,-10.983448
10.4130051136,-3.1577413,-1.6475172,-9.1790244
10.4267599583,1.1179581,-1.0591182,-9.0417313
10.4365811348,3.0989014,0.7453054,-8.1983594
10.4425981045,5.7270836,1.372931,-8.5710121
10.4527020454,5.1582979,0.5295591,-8.825985
10.464869976,0.8237586,0.8629852,-8.7475318
10.4764680862,6.1585762,2.157463,-8.0218397
10.4823851585,10.5715687,-0.0588399,-7.5707338
10.4933230877,6.080123,0.9414384,-8.2179727
10.5046319962,2.1770763,0.4707192,-9.3163175
10.5126869678,4.5895122,-0.5295591,-9.6693569
10.5224449635,6.8450417,0.8825985,-8.6886919
10.5326361656,2.7850886,-0.196133,-8.9828914
10.5435121059,0.7649187,0.392266,-10.198916
10.5527861118,3.0400615,0.2353596,-10.0812362
10.5667331219,5.491724,0.7649187,-10.7284751
10.5775330067,3.530394,0.1372931,-10.5127288
10.5823459625,1.0395049,0.2157463,-10.0616229
10.5929660797,1.372931,0.0196133,-10.1204628
10.6067390442,1.8044236,-0.1176798,-10.1008495
10.6129369736,1.1375714,-0.4118793,-10.6500219
10.6231000423,1.1964113,0.2353596,-9.8262633
10.6323311329,-0.2941995,-0.3530394,-11.8268199
10.6431450844,-6.8254284,-1.4709975,-11.1991943
10.6532261372,-6.7077486,-0.6864655,-12.0817928
10.6638929844,-1.9024901,-2.4712758,-12.1210194
10.6729021072,-2.6477955,-1.4513842,-11.6699135
10.6831080914,-5.6682437,-1.6671305,-10.7480884
10.692481041,-6.1781895,-1.3337044,-9.7674234
10.7025530338,-2.1770763,-0.6080123,-9.1790244
10.7129180431,0.6472389,-0.2353596,-9.0417313
10.7229390144,-0.2157463,-0.1372931,-9.3751574
10.7334640026,-2.1182364,-0.8629852,-9.6497436
10.7424759865,-2.7066354,-0.2353596,-9.7478101
10.7527909279,-1.2356379,-0.4314926,-9.1986377
10.7622771263,0.3726527,-0.3726527,-9.1201845
10.7730121613,-1.7063571,-0.980665,-9.0613446
10.7826719284,-3.4715541,-0.8825985,-9.0613446
10.792427063,-1.5494507,-0.9414384,-8.8652116
10.8025591373,11.8268199,-7.3746008,-8.2964259
10.8159210682,33.3229967,-0.6276256,-10.787315
10.8229219913,13.1997509,4.2168595,-10.6304086
10.83385396,-17.7500365,0.5295591,-12.3759923
10.8441021442,-11.3953273,-0.0196133,-9.4536106
10.852492094,5.491724,0.4903325,-7.7080269
10.8673961163,8.3944924,1.4317709,-6.4527757
10.8926439285,2.4320492,1.3925443,-9.3947707
10.8930330276,-1.1375714,-1.8436502,-9.414384
10.9173660278,-3.5107807,-0.1765197,-10.2773692
10.9175200462,-1.7455837,0.0392266,-10.3754357
10.9600610733,2.0005566,0.4511059,-9.8851032
10.9600939751,2.7262487,0.0,-8.3944924
10.9601149559,-1.5102241,-1.0787315,-9.9831697
10.9601330757,-2.9027684,-0.0392266,-10.0420096
10.9810891151,-1.3337044,-0.6472389,-8.629852
10.9815759659,0.980665,-1.1375714,-8.1002929
10.989274025,1.2356379,0.4903325,-9.1790244
10.9893021584,7.4138274,0.7649187,-7.0019481
11.0002601147,7.9629998,-0.0784532,-7.0804013
11.0167970657,0.7256921,1.4709975,-7.1000146
11.0168941021,9.9439431,2.9223817,-7.453054
11.032528162,14.5334553,1.5886773,-7.7668668
11.045014143,6.1978028,1.7848103,-8.2571993
11.0451350212,5.099458,2.3732093,-9.3751574
11.0608329773,9.2574776,0.6864655,-9.3359308
11.0725009441,8.5906254,1.2748645,-9.0417313
11.0840260983,3.3146477,0.980665,-9.1201845
11.1008009911,2.3143694,1.2552512,-10.6107953
11.1009531021,5.8251501,0.8237586,-9.6301303
11.1120131016,7.0019481,0.4511059,-10.2381426
11.1289920807,3.7657536,1.0395049,-11.1403544
11.129101038,-0.0980665,-0.0588399,-10.591182
11.1402609348,0.9218251,-0.0392266,-10.8461549
11.1459820271,1.1179581,-0.6472389,-10.6304086
11.152864933,1.7455837,-0.0196133,-11.0226746
11.1622059345,-0.588399,-0.392266,-10.5519554
11.1724350452,-8.4141057,-1.1571847,-12.6701918
11.1822879314,-7.4334407,-1.765197,-13.0428445
11.1923160553,-2.941995,-2.4124359,-12.4544455
11.2021949291,-3.8049802,-1.765197,-11.6699135
11.2122340202,-7.0411747,-1.6475172,-10.8657682
11.222358942,-6.1978028,-1.1571847,-10.0812362
11.232352972,-2.0005566,-0.3138128,-9.5124505
11.2422699928,0.5099458,-0.1372931,-9.3947707
11.2532129288,-0.3334261,0.0,-9.4928372
11.2623691559,-1.8240369,-0.3334261,-9.3751574
11.2734260559,-3.4127142,-0.2549729,-9.9243298
11.2825860977,-2.0005566,-0.0196133,-9.1005712
11.2928359509,0.392266,-0.2941995,-9.0417313
11.3021910191,-0.9414384,-0.9022118,-9.5909037
11.3124351501,-3.3146477,-0.6080123,-9.2770909
11.3227341175,-2.1966896,-0.980665,-8.6886919
11.3320980072,1.1179581,-0.4118793,-8.4925589
11.34248209,20.790098,-0.5099458,-8.4925589
11.3523931503,23.1633073,-0.9022118,-10.4931155
11.3629369736,-4.7268053,-2.5301157,-11.0619012
11.3739080429,-16.475172,0.9414384,-8.4925589
11.3823111057,3.8638201,-2.2359162,-8.3356525
11.396531105,11.2776475,0.8629852,-8.1591328
11.4070291519,3.0596748,2.6870221,-8.3748791
11.4133269787,-5.5701772,-0.2353596,-10.4538889
11.4258821011,-8.4533323,-0.2745862,-9.8458766
11.4360980988,-3.1185147,-1.8632635,-9.610517
11.4420969486,6.080123,0.8825985,-9.0417313
11.4539060593,-0.9022118,-2.0397832,-9.1986377
11.4649980068,-6.0997363,-2.4124359,-9.4339973
11.4719920158,-3.4911674,-1.0787315,-8.4925589
11.4824790955,2.7654753,-1.569064,-7.3746008
11.4984750748,3.9814999,0.2157463,-8.7279185
11.5032191277,1.6279039,0.4707192,-8.9828914
11.5218851566,1.372931,-1.2356379,-8.1983594
11.5503110886,4.6875787,1.1571847,-7.7472535
11.5503499508,6.7862018,-0.2157463,-6.864655
11.5503730774,5.8447634,1.6475172,-6.9627215
11.5727040768,6.9823348,0.1372931,-8.237586
11.572977066,7.7080269,0.5491724,-8.5121722
11.5959849358,6.7862018,1.176798,-8.9828914
11.5960690975,5.1582979,0.5687857,-8.8455983
11.6400251389,5.9232166,1.9809433,-8.2768126
11.6401450634,7.3157609,1.4121576,-8.1002929
11.6401810646,6.7469752,1.5494507,-8.2179727
11.6402151585,5.3936575,1.8632635,-9.6301303
11.6554350853,5.0210048,0.980665,-9.0417313
11.6554660797,5.0210048,0.8433719,-9.9439431
11.6802220345,3.92266,0.9414384,-10.2381426
11.680300951,2.2751428,-0.1372931,-10.0812362
11.6803309917,0.9610517,0.0,-9.7085835
11.6848330498,0.7256921,0.1372931,-10.4146623
11.6929421425,0.8041453,-0.5687857,-11.0422879
11.7026050091,-2.0790098,-0.0588399,-12.8270982
11.7130539417,-10.4931155,-3.1185147,-14.2196425
11.7229161263,-8.1591328,-1.8436502,-14.513842
11.7327239513,-3.138128,-4.3345393,-13.7881499
11.7424359322,-5.295591,-2.3143694,-12.3367657
11.7521290779,-9.6889702,-3.2361945,-11.0619012
11.7628891468,-6.6096821,-1.2748645,-9.3947707
11.7721230984,-2.0593965,-0.9610517,-9.1790244
11.7820551395,0.7453054,-0.0784532,-9.1201845
11.7921071053,0.392266,0.0980665,-9.0809579
11.8023049831,-2.4712758,-0.4903325,-9.5124505
11.8121020794,-3.1185147,0.0392266,-9.6301303
11.8225650787,-3.0008349,-1.6279039,-9.8851032
11.8320281506,0.6668522,0.5687857,-9.3751574
11.8423280716,0.2157463,-1.7259704,-9.1986377
11.8522720337,-2.941995,-0.4118793,-9.3947707
11.862390995,-2.353596,-1.0591182,-9.2967042
11.8723170757,0.9022118,-0.3530394,-8.7475318
11.8824830055,0.9218251,-0.6276256,-8.5513988
11.8922390938,18.8091547,4.5502856,-1.3533177
11.9112169743,31.6166396,4.2560861,-7.3353742
11.9221460819,0.8629852,-2.8831551,-7.7276402
11.9349160194,-13.2389775,-1.6279039,-12.9055514
11.9352600574,-2.4516625,-1.5298374,-8.825985
11.9460141659,10.0616229,0.2157463,-9.4928372
11.9609980583,8.2571993,2.5105024,-6.4920023
11.9747281075,-4.8640984,-0.2745862,-4.7268053
11.9751110077,-7.3549875,0.0784532,-10.3165958
11.9892711639,-1.3140911,1.6082906,-10.4146623
12.0005509853,5.1779112,-1.1571847,-8.5710121
12.0119650364,1.8044236,-1.0395049,-10.0616229
12.0229260921,-7.5707338,-2.2751428,-11.0815145
12.0353021622,-6.1193496,-1.6279039,-10.4931155
12.035378933,1.8828768,-0.7453054,-9.1986377
12.0480561256,3.9030467,-1.176798,-8.4533323
12.0569319725,-1.3925443,-0.8433719,-8.237586
12.0679309368,-4.7856452,-1.5298374,-7.5315072
12.0794780254,0.2157463,-1.9024901,-6.6881353
12.0909650326,12.748645,-0.6276256,-6.7273619
12.1042850018,11.4149406,0.5687857,-7.6884136
12.1190681458,-1.7455837,0.6668522,-6.4920023
12.1192419529,11.0030613,2.6870221,-7.6295737
12.1300261021,13.3762706,1.3925443,-8.4729456
12.1420769691,4.8640984,1.9417167,-9.6301303
12.1521811485,2.0005566,2.4516625,-8.6690786
12.1639101505,10.002783,2.0790098,-8.7083052
12.1751899719,9.0417313,0.7453054,-8.4729456
12.1752359867,2.0790098,0.7453054,-9.0025047
12.1861710548,1.2160246,0.980665,-10.0223963
12.197478056,5.2563644,-1.1375714,-10.8069283
12.2090890408,7.060788,-1.2944778,-10.7677017
12.2200210094,3.2558078,1.8828768,-11.0422879
12.2311930656,-1.5886773,-0.9610517,-10.787315
12.2409830093,0.0,-0.784532,-10.7284751
12.2423679829,1.8436502,-1.3140911,-11.2776475
12.2529439926,3.0400615,-0.4314926,-10.8461549
12.2623591423,-0.196133,-0.6080123,-10.8461549
12.2729351521,-9.5712904,-2.0201699,-11.5326204
12.2820870876,-9.4339973,-1.5298374,-11.9052731
12.2920939922,-2.4908891,-2.8047019,-12.1798593
12.3025701046,-2.1182364,-1.9024901,-11.571847
12.3121471405,-6.1389629,-2.1182364,-10.8069283
12.3223199844,-7.8845466,-1.8632635,-10.0812362
12.3326780796,-2.8243152,-0.9610517,-9.2378643
12.3425171375,1.0591182,-0.3726527,-8.9044382
12.3524041176,0.7453054,-0.3726527,-8.6102387
12.3623709679,-0.196133,-1.2748645,-9.1397978
12.3722281456,-2.6477955,-0.3138128,-9.3947707
12.3826110363,-3.0596748,-1.1375714,-9.2967042
12.3928561211,-1.4513842,-0.980665,-8.9044382
12.402572155,1.9809433,-0.9022118,-8.629852
12.4131450653,17.7304232,-4.3737659,-12.748645
12.4226670265,17.2793173,2.4712758,-10.2381426
12.4322781563,13.9058297,-2.1770763,-10.5519554
12.4423699379,-4.9229383,-0.8041453,-9.6693569
12.4525389671,-9.610517,-1.0787315,-13.140911
12.464687109,-0.6472389,-0.4903325,-7.6099604
12.4724459648,7.6099604,2.2555295,-6.9234949
12.4830720425,4.6287388,0.4511059,-8.8063717
12.493019104,-1.6082906,-0.0784532,-8.1591328
12.5047221184,-5.0602314,-0.0392266,-10.2577559
12.5159890652,-2.6870221,-1.1375714,-10.198916
12.5222041607,3.5500073,0.7256921,-8.8455983
12.5389609337,1.9221034,-0.5491724,-8.2179727
12.5479781628,-2.5693423,-1.6082906,-7.9629998
12.5541930199,-3.138128,-1.2944778,-8.8652116
12.5670170784,0.0,-0.8629852,-8.9436648
12.5769209862,1.4317709,-0.5099458,-8.8455983
12.5824539661,2.0790098,-0.2353596,-8.6102387
12.595126152,4.3345393,0.5099458,-7.6688003
12.6058850288,7.3157609,-0.4314926,-7.9629998
12.6124689579,1.2552512,-0.0588399,-7.3549875
12.6289179325,3.8049802,1.5494507,-6.8450417
12.6348819733,10.7677017,-0.980665,-7.6884136
12.6628060341,8.6690786,1.5494507,-9.1005712
12.6879050732,2.3732093,-0.1372931,-9.7085835
12.687967062,4.0207265,0.7453054,-9.5516771
12.6880371571,7.3942141,0.784532,-9.9831697
12.7128989697,5.9428299,1.0002783,-10.1204628
12.713075161,5.0406181,1.7455837,-8.8652116
12.7393450737,4.3541526,0.9610517,-8.7475318
12.7394340038,6.5704555,1.372931,-9.1397978
12.7394759655,7.1196279,1.2748645,-9.1005712
12.7671151161,5.2171378,0.2549729,-10.4342756
12.767152071,3.0204482,0.4118793,-10.4538889
12.7671730518,2.4516625,0.1765197,-10.2185293
12.811398983,1.96133,-0.6080123,-10.591182
12.8114430904,1.4709975,-0.0392266,-10.2381426
12.8114681244,0.8041453,0.3334261,-10.2381426
12.8114881516,0.588399,0.0196133,-10.4538889
12.820168972,-2.1770763,-0.2157463,-11.1599677
12.8210151196,-9.0025047,-0.8433719,-11.5130071
12.8229100704,-7.2961476,-0.392266,-12.3367657
12.8325221539,-2.3928226,-2.9812216,-12.4152189
12.8511829376,-6.2958693,-1.8436502,-12.3956056
12.8549771309,-11.3561007,-2.9223817,-11.7287534
12.8622820377,-8.1591328,-1.7848103,-10.6892485
12.872179985,-1.0198916,-0.9610517,-9.8851032
12.8822541237,0.8041453,-0.1372931,-9.218251
12.8925001621,0.0196133,0.9218251,-8.7279185
12.9022450447,-3.9030467,-1.2552512,-9.7085835
12.9124860764,-3.138128,0.196133,-8.237586
12.9236769676,-0.0196133,-0.4511059,-9.6693569
12.9329400063,1.0198916,-0.784532,-8.8848249
12.9424591064,-0.2941995,0.0196133,-9.4732239
12.953204155,12.0621795,-0.4118793,-5.9428299
12.9629731178,31.0086273,1.0198916,-6.2958693
12.9730410576,-2.6477955,1.1571847,-10.2381426
12.9825229645,-15.5925735,-0.196133,-11.4345539
12.9924349785,-2.8243152,0.3726527,-9.1594111
13.0077011585,8.2179727,1.1179581,-7.8845466
13.0130319595,2.2359162,0.3530394,-7.9433865
13.0224289894,-1.4709975,-0.6276256,-8.1983594
13.0359909534,-3.3146477,0.1765197,-9.9831697
13.0459980965,-0.2353596,0.2157463,-8.9436648
13.0524420738,1.8240369,-1.1964113,-8.0610663
13.0641231537,1.4906108,0.2549729,-8.4533323
13.0753130913,-2.4320492,-2.2751428,-10.0616229
13.0824420452,-3.3734876,-0.588399,-9.9243298
13.0981690884,-0.3138128,-1.7455837,-9.0025047
13.1080789566,2.7654753,-0.2157463,-8.4533323
13.1150450706,0.8237586,-1.2356379,-9.1397978
13.1262891293,-2.1966896,-0.8433719,-9.4928372
13.13727808,5.3348176,1.1375714,-8.3552658
13.143335104,8.9828914,0.2745862,-6.1389629
13.1548249722,6.276256,1.5494507,-5.4721107
13.1660709381,5.7663102,3.0596748,-7.060788
13.1723949909,8.9632781,2.3732093,-7.1196279
13.1881451607,9.7674234,0.4314926,-7.84532
13.1992650032,5.295591,2.1770763,-9.0613446
13.2041130066,3.8638201,0.4314926,-9.4339973
13.2165019512,6.7273619,0.2549729,-9.2378643
13.2275619507,5.7074703,0.7649187,-9.0809579
13.2326660156,3.6873004,0.0980665,-10.0812362
13.2430200577,3.6088472,0.8629852,-10.4538889
13.256054163,4.7660319,0.3726527,-10.9442214
13.2633259296,5.1975245,0.7256921,-10.0223963
13.2731051445,3.0204482,0.3530394,-11.179581
13.2842290401,1.5102241,0.392266,-9.9831697
13.294451952,2.0986231,0.4707192,-10.7088618
13.3030631542,2.0201699,-0.1372931,-10.5323421
13.313272953,0.6864655,-0.2941995,-10.8853815
13.3225541115,0.6080123,0.2549729,-11.1403544
13.3325800896,-0.7649187,-0.4707192,-11.3561007
13.3426599503,-5.2759777,-0.784532,-12.2583125
13.35217309,-4.3541526,-1.2356379,-12.3171524
13.3625569344,-0.1569064,-1.7848103,-12.3956056
13.3730061054,-1.9809433,-1.4121576,-11.2188076
13.3830361366,-5.7270836,-1.176798,-10.4342756
13.3932130337,-4.0991797,-0.7256921,-9.7085835
13.4030380249,0.0392266,-0.2549729,-9.2967042
13.4129900932,0.8629852,0.1569064,-9.7281968
13.4223840237,-0.2353596,-0.0784532,-9.6301303
13.4325871468,-1.9417167,-0.4314926,-9.6693569
13.4423949718,-3.4323275,-0.3530394,-9.7478101
13.4524149895,-2.3339827,-1.0983448,-9.9831697
13.4623391628,0.2941995,0.0588399,-9.7281968
13.4724011421,14.2392558,4.8444851,-8.9436648
13.4832279682,23.928226,-2.9812216,-12.5917386
13.4981560707,-6.3939358,-2.9027684,-11.1599677
13.5096111298,-13.8273765,-2.4516625,-10.9049948
13.5143539906,1.6475172,0.9414384,-8.8063717
13.5265860558,10.3754357,1.7063571,-7.9237732
13.5380589962,-1.9809433,2.6281822,-9.1986377
13.5429911613,-9.3947707,0.0392266,-10.1008495
13.5638899803,-9.4732239,-2.745862,-11.8464332
13.5885391235,4.6091255,0.1176798,-9.6301303
13.5888929367,3.0989014,-1.9809433,-9.610517
13.6110241413,-8.1591328,-3.1185147,-9.5320638
13.6110560894,-10.8069283,-3.334261,-9.5124505
13.6110780239,-4.4326058,-1.4709975,-9.3359308
13.6340270042,4.2168595,-1.0591182,-8.1983594
13.6340689659,2.9027684,-0.784532,-8.1983594
13.6491060257,0.4118793,-0.1372931,-6.6881353
13.64914608,-4.5306723,-2.4320492,-10.2773692
13.6929471493,0.8825985,-0.980665,-6.0605097
13.6930301189,13.7096967,0.1569064,-5.4328841
13.6930570602,15.7102533,2.157463,-5.5701772
13.6930780411,0.0,0.9610517,-3.7657536
13.7039620876,8.4729456,6.3154826,-3.8834334
13.7039909363,19.9467261,0.392266,-4.6483521
13.7141940594,7.5707338,2.6674088,-6.864655
13.7244400978,5.3936575,3.0989014,-8.3160392
13.7371840477,13.8469898,-0.9218251,-8.4141057
13.7489321232,10.4342756,2.3732093,-7.6884136
13.7601709366,0.980665,-0.8825985,-9.2967042
13.7715339661,5.687857,0.392266,-10.198916
13.7809400558,10.3754357,-0.6668522,-9.7674234
13.8000049591,6.0212831,-0.0196133,-9.9243298
13.8000500202,-0.8433719,-0.8041453,-10.6892485
13.8089301586,0.9414384,-0.9414384,-10.3165958
13.8121261597,4.6875787,-0.6276256,-11.1403544
13.8223061562,4.6679654,-0.8825985,-10.8853815
13.832239151,1.3925443,-0.1176798,-10.591182
13.8422939777,0.5491724,-1.372931,-10.6696352
13.8520669937,-3.6480738,-1.7455837,-12.5132854
13.8619811535,-6.6881353,-1.6671305,-12.6113519
13.8721330166,-2.4712758,-2.2947561,-12.0621795
13.8821101189,1.2160246,-2.7850886,-11.5326204
13.8915970325,-3.4127142,-1.96133,-10.6892485
13.9022340775,-6.5508422,-1.765197,-10.5519554
13.9122030735,-2.0201699,-0.8237586,-9.7478101
13.9219410419,0.3726527,-1.0002783,-9.1790244
13.9322111607,0.7060788,-0.3726527,-9.2967042
13.9415669441,0.7649187,-0.4903325,-9.4928372
13.9517240524,0.4511059,-0.4511059,-9.4339973
13.9618549347,0.1372931,-0.5491724,-9.1986377
13.9717650414,-1.8044236,-0.9218251,-9.4732239
13.982033968,-3.530394,-1.9809433,-9.9831697
13.9918529987,-1.5102241,-1.6082906,-9.9243298
14.0015881062,1.7063571,-1.9809433,-10.2577559
14.0115799904,-1.2160246,-1.4317709,-9.7478101
14.0221700668,-3.6480738,-1.6671305,-9.5320638
14.0320940018,-0.0784532,-1.569064,-8.1591328
14.0419020653,4.7464186,0.392266,1.3337044
14.0519931316,20.2213123,0.2941995,-11.2384209
14.0615849495,-2.353596,-3.1185147,-8.5121722
14.0719211102,-13.5527903,-1.2552512,-8.5710121
14.0821340084,-8.9044382,-3.8834334,-10.0616229
14.0928969383,4.8444851,-2.4712758,-7.7472535
14.1073141098,4.0011132,-0.4118793,-8.2571993
14.112128973,-5.88399,-0.4118793,-9.4928372
14.1215720177,-8.4533323,-0.7649187,-9.80665
14.1359610558,0.0196133,-0.8237586,-8.9632781
14.1457369328,4.9621649,0.4314926,-8.4141057
14.1522200108,0.3138128,-0.1372931,-8.4533323
14.1640131474,-6.0212831,-1.5298374,-8.3748791
14.1754620075,-1.6671305,-0.2353596,-8.1591328
14.1817090511,1.4317709,-1.0198916,-8.2571993
14.1976809502,3.8245935,-0.0980665,-8.7671451
14.2091641426,3.1773546,0.1765197,-8.433719
14.2140660286,2.6477955,-0.3530394,-8.1983594
14.2221670151,1.6279039,0.0588399,-7.2765343
14.2372331619,2.8243152,0.4511059,-7.2765343
14.2471590042,9.3359308,0.3726527,-7.4138274
14.2531981468,9.6693569,0.4118793,-7.8649333
14.2659349442,5.6486304,0.6668522,-8.7867584
14.2769789696,5.8447634,0.6080123,-9.4339973
14.2819900513,7.649187,0.980665,-9.1790244
14.2919220924,6.6096821,0.8825985,-8.7475318
14.304723978,2.4516625,0.7256921,-9.1201845
14.3149061203,3.7461403,0.9414384,-9.414384
14.3221819401,6.9823348,0.9218251,-9.7281968
14.3332409859,5.2171378,0.1765197,-9.414384
14.3444359303,1.5886773,0.0980665,-9.5516771
14.3519711494,3.0596748,0.0,-10.3754357
14.3669011593,4.7268053,0.2157463,-10.3362091
14.3781299591,3.4519408,0.0784532,-10.591182
14.4021060467,0.7256921,0.0980665,-10.4538889
14.4021379948,0.7060788,0.3138128,-11.1011278
14.4115591049,1.8436502,-0.0392266,-11.2972608
14.4210579395,1.4317709,0.1569064,-10.983448
14.4313831329,0.5491724,0.196133,-10.9246081
14.4332230091,0.4903325,0.0784532,-10.1008495
14.4419789314,0.1569064,0.1176798,-10.3754357
14.4584839344,-4.9621649,-1.96133,-11.3364874
14.4621441364,-5.4132708,0.5687857,-12.4936721
14.4715189934,-0.9218251,-1.1375714,-12.2975391
14.491286993,-1.5298374,-1.569064,-11.571847
14.5012061596,-5.2367511,-0.5295591,-10.9246081
14.5083730221,-7.4922806,-1.8632635,-10.5519554
14.5120429993,-3.334261,-0.4511059,-10.1400761
14.5218579769,0.5295591,-0.4511059,-10.198916
14.5320310593,-0.5295591,0.0588399,-9.6497436
14.5422201157,-3.1577413,0.0784532,-10.2969825
14.5518789291,-1.4709975,-0.5295591,-9.0417313
14.571213007,0.4903325,0.5491724,-8.3748791
14.5734169483,0.0588399,0.2941995,-8.5710121
14.5913410187,-1.6082906,-0.0196133,-9.3555441
14.6009750366,-2.0790098,0.0196133,-9.5909037
14.614508152,0.2157463,1.0787315,-8.8652116
14.6168920994,31.1459204,2.6281822,-11.4933938
14.6223421097,15.0630144,-0.1569064,-11.1011278
14.632133007,-9.5516771,2.6477955,-11.1207411
14.641947031,-14.0235095,0.8237586,-10.1008495
14.6521201134,1.6475172,-0.8629852,-8.4533323
14.6621911526,4.5698989,0.3138128,-7.2373077
14.6734540462,1.372931,0.8825985,-8.8652116
14.6819710732,-4.0011132,-0.9218251,-9.1397978
14.6921560764,-2.941995,-0.1765197,-9.218251
14.7071721554,1.2552512,1.4709975,-10.0420096
14.7119431496,4.2953127,-0.7060788,-7.060788
14.7221710682,3.2754211,-0.4903325,-9.0613446
14.7358820438,0.8237586,-0.2549729,-8.7083052
14.7419669628,-1.372931,-0.5491724,-8.9240515
14.7529439926,1.1964113,0.2549729,-9.1005712
14.7641019821,5.5897905,0.3138128,-8.1199062
14.7716879845,5.7466969,-0.0980665,-8.2571993
14.7820651531,2.3143694,0.7256921,-8.5513988
14.7974009514,3.0989014,0.2353596,-9.1005712
14.8069660664,6.7273619,0.980665,-8.6494653
14.8205499649,6.8450417,1.0002783,-8.7671451
14.8301861286,4.2756994,0.784532,-9.1790244
14.8359999657,4.3737659,0.9218251,-9.3751574
14.8489260674,7.0411747,1.0983448,-9.610517
14.8587970734,7.0804013,1.3337044,-9.1397978
14.8639211655,4.6287388,1.2552512,-9.3555441
14.876928091,4.5502856,1.176798,-9.8262633
14.8875329494,5.9428299,1.6475172,-9.7674234
14.8938720226,5.7859235,1.372931,-9.80665
14.9105870724,3.1969679,0.9218251,-9.9831697
14.9162650108,1.5298374,0.9218251,-10.5519554
14.925317049,3.4911674,1.1964113,-10.4538889
14.9388570786,3.9814999,0.2353596,-10.2969825
14.9448919296,1.0198916,0.3334261,-10.591182
14.9535241127,-0.392266,0.1765197,-10.6304086
14.9814751148,0.4118793,0.0980665,-10.9638347
14.9815740585,0.7649187,0.2549729,-10.7284751
14.9851210117,0.4707192,0.2549729,-11.0815145
14.9923501015,-3.6088472,-1.2552512,-10.7480884
15.002022028,-5.7074703,-0.9022118,-11.964113
15.012127161,-4.1580196,-1.2748645,-11.6895268
15.0220029354,-3.1969679,-1.5494507,-11.1207411
15.0319421291,-5.2563644,-1.2944778,-10.5127288
15.0421831608,-5.491724,-1.176798,-10.3558224
15.0522489548,-3.8442068,-0.9022118,-9.5320638
15.0620181561,-0.6668522,-0.4903325,-9.1986377
15.0724771023,-0.1569064,-0.2353596,-9.1594111
15.0822710991,-1.3533177,-0.6668522,-9.1594111
15.0923669338,-2.9223817,-0.196133,-9.9831697
15.1020059586,-2.5105024,-0.6864655,-9.80665
15.1119711399,-0.0196133,-0.4903325,-9.2770909
15.1224040985,-0.6276256,-1.2552512,-9.1790244
15.1322031021,-2.3928226,-0.7256921,-9.0613446
15.1422250271,-2.2751428,-0.7256921,-8.629852
15.1522541046,1.1964113,1.2748645,-6.9823348
15.1622080803,19.4760069,-1.5102241,-2.4516625
15.1722819805,11.3561007,1.4317709,-10.4735022
15.1827070713,-6.9627215,0.980665,-11.76798
15.1921930313,-12.2583125,-0.7453054,-9.218251
15.2022399902,2.0005566,0.3334261,-10.3754357
15.2146279812,10.2577559,1.2356379,-9.1594111
15.2220849991,1.6279039,0.2353596,-9.6497436
15.2380709648,-6.9823348,-0.7453054,-10.3362091
15.2479200363,-4.0795664,-0.4707192,-9.8458766
15.2548511028,3.1185147,0.0392266,-6.8450417
15.2660911083,6.5116156,0.5491724,-8.3160392
15.2773311138,0.5491724,-0.4707192,-9.0809579
15.282449007,-4.8052585,-1.5886773,-10.0420096
15.2924110889,-2.1378497,-0.2157463,-8.7671451
15.3055419922,1.1375714,-1.2356379,-8.3944924
15.3155450821,5.099458,-0.8825985,-8.0022264
15.3223781586,6.9234949,-1.2748645,-8.4141057
15.3338911533,6.5900688,-1.0395049,-6.4331624
15.3426129818,0.2157463,1.0591182,-7.5511205
15.3527710438,7.453054,2.0986231,-6.5312289
15.3651180267,11.5522337,1.765197,-9.0809579
15.376347065,6.0212831,1.0395049,-9.4339973
15.3833720684,2.2751428,0.8433719,-9.9243298
15.3987660408,6.7273619,1.1571847,-9.6497436
15.4100370407,9.0809579,0.6668522,-9.3555441
15.414978981,4.5698989,0.1372931,-9.1005712
15.4228191376,1.6475172,0.7256921,-9.6497436
15.4382431507,5.4132708,-1.0591182,-9.9439431
15.4445049763,8.3748791,0.4118793,-10.1596894
15.4526650906,5.5113373,-0.8237586,-10.3754357
15.4669930935,1.0198916,-0.2157463,-9.8262633
15.478012085,2.157463,-0.588399,-10.6107953
15.483189106,4.6483521,0.0980665,-10.7677017
15.4952609539,2.7850886,-0.3138128,-10.1596894
15.5070059299,0.3334261,-0.5295591,-10.6107953
15.5119569302,-0.0588399,-0.1569064,-10.5323421
15.5219371319,0.3138128,-0.1176798,-10.5127288
15.5321819782,-2.9616083,-1.1964113,-11.4541672
15.5418720245,-7.7080269,-0.392266,-10.6696352
15.5522069931,-3.1773546,-1.4121576,-11.375714
15.5620009899,-0.6472389,-2.0201699,-11.6699135
15.5723519325,-4.707192,-1.569064,-10.983448
15.581936121,-6.8450417,-1.6279039,-10.1204628
15.5922451019,-3.1773546,-0.9022118,-9.6693569
15.6016190052,0.0196133,-0.7649187,-9.2378643
15.6135611534,0.5099458,-0.2745862,-9.218251
15.6217091084,-2.549729,-1.0787315,-10.1204628
15.6320431232,-3.8245935,-1.8828768,-10.3165958
15.6425220966,-0.1569064,-0.2941995,-9.7085835
15.6517100334,0.6864655,-1.8436502,-8.7475318
15.6616399288,-1.9809433,-0.7256921,-8.4729456
15.6718151569,-3.1969679,-1.4317709,-8.7867584
15.6817080975,-0.9218251,-1.6279039,-8.8652116
15.6916110516,1.3337044,-0.4511059,-9.1005712
15.7017090321,18.044236,3.2754211,-1.5494507
15.7117090225,23.0064009,-0.7453054,-7.1784678
15.7226281166,-7.0804013,-1.9417167,-11.7091401
15.7373161316,-13.9646696,-1.0395049,-11.3168741
15.7476410866,-1.5102241,-2.0005566,-7.256921
15.7532739639,9.3163175,-0.784532,-3.530394
15.7655580044,4.2168595,0.7256921,-8.1787461
15.7768959999,-2.6870221,-0.3530394,-9.1201845
15.7819850445,-5.099458,-1.0591182,-9.8262633
15.7939009666,-1.0395049,0.2941995,-8.4729456
15.805024147,2.6281822,0.3138128,-8.2571993
15.81163311,2.5889556,-0.0980665,-9.4536106
15.8220560551,-3.8245935,-1.176798,-10.5323421
15.8332960606,-4.1384063,-1.2748645,-9.5320638
15.8440220356,1.9417167,-1.7063571,-9.1397978
15.852025032,3.530394,-1.6279039,-8.0806796
15.8824839592,0.4118793,-1.2552512,-8.5317855
15.8828649521,-0.7060788,-1.569064,-8.8848249
15.9058749676,4.9621649,-0.8237586,-6.9431082
15.9061820507,9.8458766,0.6668522,-6.9038816
15.9500479698,6.8254284,0.8825985,-6.7862018
15.9503281116,5.1975245,1.4906108,-7.3942141
15.9503600597,8.9436648,0.8237586,-8.0610663
15.95038414,8.6102387,0.4903325,-9.1594111
15.9674301147,6.668522,1.2356379,-9.1594111
15.9674711227,5.7663102,0.1569064,-8.2571993
15.9921700954,7.2961476,0.7453054,-8.2179727
15.9922120571,8.1002929,0.6864655,-8.1787461
15.992262125,6.4135491,0.2157463,-8.6886919
16.0141451359,4.3345393,0.392266,-9.9243298
16.0141820908,5.491724,0.7649187,-10.1204628
16.0373799801,5.6486304,0.1569064,-10.2577559
16.0374159813,2.8635418,0.3334261,-9.9831697
16.0721819401,0.2353596,0.2549729,-10.2577559
16.072229147,0.5295591,-0.0392266,-10.3362091
16.0722620487,0.7453054,-0.5491724,-10.8657682
16.0722961426,1.7259704,0.0980665,-10.591182
16.0795800686,-3.726527,-1.4121576,-10.6696352
16.0911860466,-9.8851032,-1.4709975,-12.2386992
16.0921730995,-5.7663102,-2.1770763,-12.7682583
16.1112041473,-3.3931009,-2.8243152,-12.3759923
16.1252200603,-7.1588545,-2.353596,-11.571847
16.1275000572,-10.2969825,-2.6674088,-10.8657682
16.1323461533,-6.5508422,-1.1571847,-10.0223963
16.1419620514,-1.176798,-1.0395049,-9.6497436
16.1523721218,0.588399,-0.0980665,-9.4536106
16.1623809338,-0.6864655,0.2941995,-9.0417313
16.1719350815,-2.2163029,-0.8041453,-9.1986377
16.1823120117,-2.941995,0.2941995,-8.629852
16.1919560432,-1.2356379,-0.0784532,-8.5317855
16.2019150257,0.0,-1.6279039,-8.433719
16.2120110989,0.6472389,0.2941995,-8.9044382
16.2223780155,-1.176798,-1.2944778,-9.218251
16.2322850227,-2.0593965,0.3334261,-8.7475318
16.2419600487,6.7665885,-2.9616083,-10.0616229
16.2520799637,25.2423171,0.3334261,-9.6497436
16.2618839741,-5.9820565,3.726527,-10.787315
16.2719500065,-12.944778,2.353596,-10.1596894
16.2827670574,-2.2555295,-2.3928226,-11.964113
16.2922270298,9.218251,1.3140911,-9.7281968
16.3029949665,4.4914457,-0.2353596,-8.7083052
16.3134939671,-4.4914457,-1.4906108,-9.7674234
16.3225171566,-6.9823348,-0.6472389,-10.1008495
16.3365571499,-0.8237586,-0.392266,-11.4737805
16.3422329426,5.7663102,0.0588399,-9.3359308
16.3520600796,1.5102241,0.3334261,-9.3947707
16.3650090694,-4.2953127,-0.9414384,-8.3552658
16.3722560406,-2.7262487,-0.3138128,-9.9831697
16.3822579384,-0.3334261,-0.1765197,-9.1005712
16.3931479454,2.7654753,0.4511059,-8.9044382
16.4019739628,4.903325,0.588399,-8.2768126
16.416020155,5.8447634,1.1179581,-6.7862018
16.4271380901,4.1384063,-0.8433719,-7.5315072
16.4321401119,1.765197,1.0591182,-7.9433865
16.4439079762,8.6690786,2.9812216,-7.1784678
16.4552099705,11.6110736,1.3533177,-8.0806796
16.4618940353,5.8251501,1.6671305,-9.0809579
16.4719040394,3.2754211,1.2552512,-9.7085835
16.4833879471,7.0019481,1.3337044,-9.5909037
16.4919829369,8.5121722,1.3140911,-9.5516771
16.5059440136,4.903325,0.980665,-9.6497436
16.5171020031,1.3533177,1.176798,-9.4339973
16.5263669491,5.2367511,1.4513842,-10.395049
16.5398900509,7.9041599,1.0198916,-9.9635564
16.5490829945,3.1969679,0.6080123,-10.3558224
16.5550589561,0.2157463,0.6864655,-10.7088618
16.5678141117,1.765197,0.8825985,-11.0226746
16.5775761604,3.530394,-0.0784532,-10.7480884
16.5831091404,2.2947561,0.0980665,-10.8069283
16.5964529514,0.2549729,-0.0588399,-10.8657682
16.6022970676,0.0588399,0.6864655,-10.983448
16.6123011112,-1.0787315,0.1176798,-11.0815145
16.6223011017,-5.4328841,-1.1179581,-11.4149406
16.6318321228,-5.295591,-1.0787315,-12.1014061
16.6423039436,-0.2745862,-1.6082906,-12.1798593
16.6522181034,-2.1770763,-1.5102241,-11.0422879
16.662279129,-6.3154826,-0.9414384,-10.591182
16.6720719337,-4.8052585,-0.6864655,-9.610517
16.6818721294,-0.2353596,-0.2745862,-9.414384
16.6922609806,0.7060788,0.196133,-9.3555441
16.70225811,0.7649187,0.2157463,-9.3359308
16.7121219635,-0.4707192,-0.4118793,-9.3751574
16.7222549915,-2.3339827,-0.1176798,-9.610517
16.7320110798,-2.8831551,-0.8237586,-9.3359308
16.7419240475,-0.3726527,-0.1765197,-9.9243298
16.7521240711,1.6279039,-0.8041453,-9.7870367
16.7623050213,-0.8237586,-0.9610517,-9.2770909
16.7720141411,14.0823494,5.5701772,-3.5500073
16.7819399834,14.6315218,-2.157463,-8.7867584
16.7924261093,14.4157755,0.6668522,-11.6503002
16.8024809361,-6.0212831,-0.9218251,-11.5326204
16.8126590252,-10.2381426,-2.7850886,-7.6884136
16.8245151043,2.9223817,-0.588399,-4.8052585
16.8323421478,10.6107953,0.9218251,-6.2174161
16.8472390175,4.3541526,-1.7848103,-7.3549875
16.8529820442,-1.96133,0.6276256,-7.4334407
16.8620779514,-6.5508422,-0.6472389,-4.8640984
16.8753521442,-1.2748645,-1.5102241,-7.5118939
16.8821699619,4.8837117,0.0196133,-9.0809579
16.8920340538,4.3737659,-0.5099458,-8.1199062
16.9031879902,-0.2549729,-0.392266,-9.4339973
16.9125070572,-5.0798447,-0.3530394,-9.4928372
16.9218969345,-0.8825985,-2.157463,-11.5326204
16.9518010616,4.8444851,-0.3530394,-10.5715687
16.9518461227,5.3348176,-0.5295591,-10.7677017
16.9660151005,4.3737659,0.6276256,-9.8262633
16.9715731144,0.6668522,-0.5687857,-9.2378643
16.9751131535,-1.0787315,0.3334261,-9.022118
16.9911811352,2.4516625,0.8041453,-8.8063717
16.9926230907,6.7469752,1.9024901,-9.1005712
17.0022039413,3.5107807,0.6472389,-10.3754357
17.0141201019,-0.5687857,0.4903325,-10.5519554
17.0225679874,-0.5687857,1.1179581,-11.964113
17.0341100693,1.7455837,0.2353596,-11.4737805
17.0420761108,3.8049802,1.0591182,-11.2188076
17.0545930862,3.92266,1.1571847,-10.787315
17.0622589588,0.9610517,1.7259704,-10.2185293
17.0721840858,-0.9610517,1.6279039,-10.198916
17.0820600986,1.8436502,1.5494507,-9.9831697
17.0968680382,4.7856452,2.2359162,-9.2574776
17.102132082,3.0792881,1.1571847,-9.3751574
17.1205749512,0.8237586,1.0395049,-9.5909037
17.1307621002,-0.2549729,1.3925443,-9.4732239
17.1384720802,2.353596,1.0787315,-9.7085835
17.1420171261,2.8635418,0.7453054,-9.9635564
17.1524870396,2.0201699,1.3140911,-9.9831697
17.1623699665,0.5687857,0.6276256,-10.1596894
17.1722941399,0.4903325,1.0591182,-10.1400761
17.1827850342,1.6867438,0.5295591,-9.9243298
17.1928341389,2.3143694,0.4314926,-9.8851032
17.2026081085,1.5298374,0.3530394,-9.7674234
17.2127270699,0.7649187,0.2549729,-9.9047165
17.2223341465,1.0395049,0.392266,-9.9439431
17.2330870628,1.4709975,0.196133,-9.9831697
17.2419710159,1.5298374,0.196133,-9.8851032
17.2526299953,1.3337044,0.0980665,-9.8262633
17.2626640797,1.2748645,0.0980665,-9.8851032
17.2726681232,1.1571847,0.2549729,-9.7085835
17.2821609974,1.3337044,-0.0392266,-9.5909037
17.2923419476,-3.4519408,0.196133,-8.5317855
17.3030741215,17.9461695,-2.0005566,-13.3958839
17.3131859303,18.5737951,1.2552512,-9.610517
17.3229179382,-1.3533177,1.9809433,-9.218251
17.332378149,-16.6124651,1.0002783,-9.3751574
17.3427541256,-8.237586,-0.5295591,-15.4356671
17.3519091606,11.5914603,1.4709975,-12.8859381
17.362787962,7.0019481,0.1372931,-9.5712904
17.3726429939,-8.9436648,-0.8237586,-10.8265416
17.3826961517,-10.8461549,-0.2745862,-8.2964259
17.3927309513,-4.5306723,1.2552512,-8.1199062
17.4026460648,3.3734876,-0.5099458,-8.433719
17.4118740559,5.6682437,0.8041453,-7.7276402
17.4228689671,1.2356379,0.4511059,-8.9044382
17.4325511456,-4.0599531,-0.980665,-9.1790244
17.4429550171,-2.8831551,-0.1765197,-9.9635564
17.4519820213,1.0002783,-0.784532,-10.4342756
17.4626419544,6.9823348,0.9218251,-9.218251
17.4725739956,5.5113373,2.3143694,-8.5710121
17.4825880527,-1.9221034,-0.1176798,-9.5124505
17.492164135,-2.8243152,0.9022118,-9.7281968
17.5020830631,4.1580196,1.4709975,-9.0025047
17.51218009,6.2370294,2.0397832,-10.2577559
17.5225279331,3.5107807,1.1571847,-9.5124505
17.532047987,0.0980665,1.7848103,-10.3754357
17.5424580574,-1.8828768,1.7259704,-10.4342756
17.5519640446,1.9417167,1.5298374,-9.80665
17.5624079704,3.5696206,1.0983448,-9.3947707
17.5722651482,2.5301157,1.2944778,-9.2574776
17.5826351643,0.4903325,0.7649187,-9.1397978
17.5928709507,-1.0983448,0.980665,-10.4538889
17.602273941,0.2745862,0.980665,-10.198916
17.6124141216,2.9223817,0.9218251,-9.9831697
17.6228201389,3.2754211,1.0983448,-10.0223963
17.6320180893,1.6475172,0.7453054,-10.0812362
17.6426451206,-0.3726527,0.8041453,-10.2381426
17.6517031193,0.1765197,0.7060788,-9.9635564
17.662168026,2.0790098,0.8041453,-9.6889702
17.6723840237,2.4712758,0.3726527,-9.6301303
17.6823270321,1.8044236,0.7060788,-9.7281968
17.6927509308,0.1176798,0.4314926,-9.5124505
17.7022809982,-0.0196133,0.6668522,-9.4928372
17.7123069763,1.372931,0.5099458,-9.3947707
17.7220380306,1.9024901,0.392266,-9.4339973
17.7325370312,1.2552512,0.196133,-9.6497436
17.7426869869,0.6864655,0.3334261,-9.8851032
17.7525310516,0.7453054,0.1569064,-9.6693569
17.76248312,1.6279039,0.1765197,-9.4536106
17.7722771168,1.8240369,0.196133,-9.5320638
17.7824029922,1.1375714,0.196133,-9.4928372
17.7921590805,1.0395049,0.3726527,-9.5909037
17.8019649982,1.3337044,0.4314926,-9.7281968
17.8123650551,1.8632635,0.588399,-9.7085835
17.8220980167,1.5102241,0.2745862,-9.80665
17.8323521614,1.0002783,0.5295591,-10.1008495
17.8423500061,1.3140911,0.5295591,-9.9047165
17.8519599438,1.7063571,0.784532,-9.80665
17.8621690273,1.4317709,0.7453054,-9.8458766
17.8718950748,1.1571847,1.0198916,-9.9243298
17.882142067,1.2944778,1.0002783,-9.9439431
17.8918931484,1.5886773,1.1571847,-9.9047165
17.9018731117,1.5102241,1.1375714,-9.8262633
17.9118869305,1.372931,1.0198916,-9.7870367
17.9220819473,1.1571847,0.980665,-9.7870367
17.931882143,1.6671305,0.8237586,-9.6693569
17.9424080849,1.7455837,0.588399,-9.8654899
17.9518251419,1.6475172,0.5099458,-9.9635564
17.9621789455,1.4317709,0.392266,-9.6693569
17.9718289375,1.5102241,0.2745862,-9.5909037
17.981801033,1.8436502,0.196133,-9.5909037
17.9918270111,1.7848103,0.2353596,-9.610517
18.0017280579,1.4906108,0.0980665,-9.610517
18.0119791031,1.4317709,0.1176798,-9.80665
18.0222630501,1.6671305,0.1176798,-9.610517
18.0326571465,1.6475172,0.0588399,-9.8262633
18.0418250561,1.372931,0.0980665,-9.7085835
18.0519809723,1.2356379,0.2353596,-9.6889702
18.062194109,1.4317709,0.4511059,-9.6889702
18.072756052,1.5102241,0.4903325,-9.6497436
18.0822000504,1.2748645,0.5099458,-9.6301303
18.0923130512,1.1179581,0.6668522,-9.5712904
18.102312088,1.3533177,0.7256921,-9.7281968
18.1126790047,1.4906108,1.0787315,-9.9439431
18.1219601631,1.2944778,0.7649187,-9.7281968
18.1319351196,1.3140911,0.8629852,-9.7870367
18.1445069313,1.4317709,0.7060788,-10.0223963
18.1528329849,1.6082906,0.8825985,-10.002783
18.1620299816,1.2944778,0.784532,-9.9439431
18.1727070808,1.372931,0.8041453,-9.8458766
18.1819159985,1.4513842,0.7256921,-9.7085835
18.1925499439,1.5298374,0.8433719,-9.7085835
18.2020421028,1.5494507,0.7060788,-9.7870367
18.2125580311,1.2748645,0.6668522,-9.9635564
18.2225320339,1.3337044,0.6276256,-9.5320638
18.2320740223,1.4121576,0.588399,-9.7085835
18.2424321175,1.4513842,0.6472389,-9.6889702
18.2518770695,1.3337044,0.588399,-9.8458766
18.2620551586,1.2356379,0.6276256,-9.7281968
18.2728140354,1.2748645,0.5099458,-9.7281968
18.2825729847,1.3337044,0.588399,-9.80665
18.2919991016,1.176798,0.4707192,-9.80665
18.3025009632,1.0002783,0.5295591,-9.9243298
18.3129401207,1.0983448,0.3726527,-9.6889702
18.3222761154,1.176798,0.3726527,-9.7281968
18.332296133,1.1179581,0.4314926,-9.7674234
18.3419749737,1.1179581,0.3726527,-9.80665
18.352175951,1.1179581,0.3530394,-9.8458766
18.3624141216,1.2944778,0.4314926,-9.7674234
18.3718430996,1.2160246,0.4707192,-9.7085835
18.3823900223,1.4121576,0.6080123,-9.7281968
18.3921160698,1.4317709,0.5099458,-9.610517
18.4021611214,1.4906108,0.7649187,-9.7478101
18.4119131565,1.372931,0.6276256,-9.7085835
18.4219059944,1.569064,0.6276256,-9.8262633
18.4317619801,1.6279039,0.7453054,-9.9243298
18.4428789616,1.4121576,0.3530394,-9.8851032
18.452105999,1.2748645,0.5295591,-9.9439431
18.4627511501,1.3140911,0.392266,-9.9243298
18.4727320671,1.3533177,0.3726527,-9.9047165
18.4826440811,1.2944778,0.4314926,-9.7085835
18.4923181534,1.3925443,0.3726527,-9.5124505
18.5023789406,1.4513842,0.6472389,-9.5320638
18.5119709969,1.4906108,0.588399,-9.7478101
18.5229229927,1.5102241,0.588399,-9.7478101
18.5323519707,1.4513842,0.5687857,-9.9439431
18.5423331261,1.4121576,0.588399,-9.8851032
18.5523321629,1.5494507,0.7256921,-9.9635564
18.5628731251,1.5102241,0.6472389,-9.8654899
18.5723450184,1.3140911,0.8629852,-9.7085835
18.5823090076,1.176798,0.8629852,-9.80665
18.5926070213,1.7063571,0.980665,-9.7674234
18.6022839546,1.6279039,0.6864655,-9.9831697
18.6129779816,1.1964113,0.8237586,-9.8458766
18.6220271587,1.2944778,0.588399,-10.0420096
18.6325199604,1.6475172,0.4903325,-9.9635564
18.6427249908,1.765197,0.5099458,-9.9243298
18.6525399685,1.1375714,0.5687857,-9.80665
18.6623790264,1.1375714,0.6080123,-9.8851032
18.6729750633,1.3925443,0.6080123,-9.7085835
18.6827399731,1.4906108,0.4707192,-9.6301303
18.6931619644,1.3337044,0.392266,-9.8851032
18.7022509575,0.9414384,0.4314926,-9.7281968
18.7131509781,1.3140911,0.4511059,-9.5712904
18.7223229408,1.2356379,0.2941995,-9.5712904
18.7329320908,0.8041453,0.3726527,-9.8262633
18.7423169613,0.8629852,0.3726527,-9.6497436
18.7526290417,1.2552512,0.4118793,-9.8262633
18.7625410557,1.176798,0.3726527,-9.80665
18.7727539539,0.8433719,0.3138128,-9.7674234
18.781965971,0.6864655,0.3530394,-9.8851032
18.7919330597,1.0198916,0.3138128,-9.6301303
18.8022711277,1.1375714,0.392266,-9.80665
18.8121161461,0.8237586,0.4118793,-9.7478101
18.8221700191,0.6668522,0.392266,-9.7674234
18.832324028,1.0395049,0.5295591,-9.7674234
18.8425581455,1.2552512,0.588399,-9.6497436
18.8521649837,0.9022118,0.4903325,-9.6497436
18.8621320724,0.7060788,0.3334261,-9.7085835
18.8721539974,1.0591182,0.5295591,-9.8851032
18.882144928,1.3925443,0.2941995,-9.7674234
18.892138958,1.1179581,0.2353596,-9.8262633
18.9018630981,0.9610517,0.2941995,-10.0616229
18.912528038,1.0983448,0.3138128,-9.8458766
18.9227221012,1.372931,0.392266,-9.6889702
18.9323761463,0.980665,0.3530394,-9.7281968
18.9423220158,0.8629852,0.5491724,-9.8654899
18.9524860382,0.9414384,0.5687857,-10.002783
18.9620110989,0.8825985,0.4707192,-9.9047165
18.9720230103,0.8629852,0.4707192,-9.9635564
18.9820189476,0.8629852,0.4314926,-9.9243298
18.9923789501,0.9022118,0.4903325,-9.9243298
19.0019249916,0.6472389,0.3726527,-9.9047165
19.0121920109,0.784532,0.4118793,-9.7870367
19.022274971,0.9414384,0.4707192,-9.7085835
19.0319850445,0.8041453,0.4314926,-9.7281968
19.0419950485,0.6668522,0.2745862,-9.9047165
19.0519361496,0.6080123,0.2745862,-10.002783
19.0619609356,0.8041453,0.2549729,-10.0223963
19.0719251633,0.8041453,0.2549729,-9.7281968
19.082556963,0.5687857,0.1765197,-9.8262633
19.0920410156,0.6864655,0.1765197,-9.7085835
19.1018829346,0.6668522,0.2157463,-9.9243298
19.1125080585,0.6472389,0.1569064,-9.7674234
19.1219539642,0.5687857,0.0980665,-9.7674234
19.140887022,0.3334261,0.2745862,-9.8458766
19.1444840431,0.3530394,0.2549729,-9.9047165
19.1519291401,0.5491724,0.196133,-9.80665
19.168982029,0.5295591,0.2353596,-9.9439431
19.173967123,0.2549729,0.1176798,-9.8654899
19.1819241047,0.1372931,0.1176798,-9.6693569
19.1935360432,0.5099458,0.1765197,-9.7674234
19.202229023,0.4314926,0.1372931,-9.7281968
19.2186939716,0.2549729,0.1765197,-9.9243298
19.2222239971,0.2745862,0.0784532,-10.0223963
19.2321381569,0.3726527,-0.0588399,-10.002783
19.2472491264,0.3726527,0.1176798,-10.0223963
19.2610681057,0.392266,0.0784532,-10.0812362
19.2759680748,0.4314926,0.0392266,-9.9635564
19.2777140141,0.4707192,0.1176798,-9.7281968
19.2823550701,0.4314926,0.0980665,-9.9635564
19.2950210571,0.2941995,0.0,-9.5516771
19.310790062,0.4511059,0.1372931,-9.80665
19.3171830177,0.2941995,0.1765197,-9.8262633
19.3223180771,0.1765197,0.1569064,-9.6301303
19.3321959972,0.2353596,0.0392266,-9.6301303
19.3421161175,0.196133,0.1569064,-9.7085835
19.3523161411,0.2157463,-0.1176798,-9.9243298
19.3618359566,0.1765197,0.0784532,-9.9047165
19.3720650673,0.2549729,-0.1569064,-9.9047165
19.3822519779,0.2745862,0.0,-9.8851032
19.3924131393,0.2157463,-0.2157463,-9.9439431
19.4022500515,0.2353596,-0.1765197,-9.8262633
19.4125299454,-0.0980665,0.0,-9.5712904
19.4227421284,-0.980665,-0.2549729,-9.7085835
19.4326691628,-1.5886773,-0.196133,-9.9635564
19.4428520203,-1.3337044,-0.3334261,-9.9831697
19.4525821209,-0.4511059,-0.392266,-9.8654899
19.4629340172,0.6864655,0.1372931,-9.8262633
19.47290802,-0.7649187,-0.5491724,-9.610517
19.483093977,-1.765197,-0.5491724,-9.3359308
19.4923601151,-1.3140911,-0.4707192,-9.2967042
19.5028009415,-0.3530394,-0.2745862,-8.9828914
19.5121181011,0.0588399,-0.2941995,-9.414384
19.5229539871,-0.0588399,-0.3530394,-9.7478101
19.5334489346,-0.7060788,-0.5491724,-9.9047165
19.5426580906,-0.784532,-0.2549729,-10.1008495
19.5527391434,-0.588399,-0.4314926,-10.1596894
19.5626411438,-0.2353596,-0.3530394,-9.9439431
19.5727169514,-0.2549729,-0.2353596,-9.8851032
19.5821149349,-0.5099458,-0.3334261,-9.9047165
19.5922689438,-0.6472389,-0.2157463,-9.7478101
19.6029860973,-0.784532,-0.196133,-9.6301303
19.6118459702,-0.9414384,-0.1569064,-9.7674234
19.6291880608,-0.8629852,-0.2549729,-9.5909037
19.63540411,-0.6864655,-0.4314926,-9.4339973
19.6427309513,-0.588399,-0.3138128,-9.5909037
19.6564741135,-0.8041453,-0.6276256,-9.3947707
19.6626520157,-1.2944778,-0.5099458,-9.5320638
19.6724319458,-1.1179581,-0.4314926,-9.8654899
19.6825740337,-0.8629852,-0.4903325,-9.610517
19.6924870014,-0.9610517,-0.4707192,-9.8458766
19.7025380135,-1.2552512,-0.588399,-9.9831697
19.712567091,-1.2944778,-0.6668522,-9.6889702
19.7222321033,-1.5102241,-0.6472389,-9.80665
19.7321479321,-1.4317709,-0.6472389,-9.7281968
19.7425320148,-1.2944778,-0.5687857,-9.6889702
19.7528290749,-1.3533177,-0.6276256,-9.6301303
19.7617731094,-1.4513842,-0.5687857,-9.5516771
19.7723810673,-1.4709975,-0.7453054,-9.3947707
19.7821121216,-1.5494507,-0.7060788,-9.3947707
19.7922780514,-1.4317709,-0.7649187,-9.5124505
19.8023991585,-1.4709975,-0.784532,-9.7085835
19.8128809929,-1.7063571,-0.8825985,-9.6693569
19.8223900795,-1.7455837,-0.8041453,-9.7085835
19.8319630623,-1.7259704,-0.8041453,-9.6889702
19.8425469398,-1.4709975,-0.9414384,-9.5516771
19.8524739742,-1.5494507,-0.8041453,-9.4732239
19.8632509708,-1.8044236,-0.8433719,-9.5516771
19.8726501465,-1.9809433,-0.7649187,-9.7281968
19.8827841282,-1.96133,-0.7649187,-9.4339973
19.8920519352,-1.8436502,-0.7649187,-9.610517
19.9020299911,-2.1182364,-0.784532,-9.7281968
19.9119241238,-2.3143694,-0.7453054,-9.5516771
19.922273159,-2.3143694,-0.8433719,-9.414384
19.9319181442,-2.1378497,-0.7649187,-9.4536106
19.9423339367,-2.2163029,-0.8433719,-9.4928372
19.9526600838,-2.4124359,-0.8825985,-9.5124505
19.9619910717,-2.4908891,-0.9218251,-9.4536106
19.9719750881,-2.549729,-0.9218251,-9.5516771
19.9829690456,-2.3732093,-1.0198916,-9.4732239
19.9922440052,-2.5693423,-1.1179581,-9.5712904
20.0019900799,-2.6281822,-1.0002783,-9.4732239
20.0120921135,-2.6085689,-1.2160246,-9.4339973
20.021914959,-2.6281822,-1.1571847,-9.5124505
20.032761097,-2.549729,-1.0002783,-9.3163175
20.0427341461,-2.6281822,-1.2160246,-9.3163175
20.0527319908,-2.8243152,-0.8825985,-9.2967042
20.062775135,-2.8831551,-1.3140911,-9.3947707
20.0729010105,-2.9812216,-1.1571847,-9.4536106
20.0828740597,-2.9027684,-1.2748645,-9.5712904
20.0918309689,-2.9812216,-1.176798,-9.4732239
20.1026289463,-3.0792881,-1.2356379,-9.1594111
20.1121151447,-3.0400615,-1.2552512,-9.2378643
20.1221449375,-2.8831551,-1.1375714,-9.3359308
20.132390976,-2.9223817,-1.3337044,-9.1397978
20.1427781582,-3.0989014,-1.2552512,-9.0613446
20.1527509689,-3.2361945,-1.3337044,-8.9436648
20.3074469566,-3.2950344,-1.3337044,-9.0613446
20.30981493,-3.7069137,-1.4121576,-9.1594111
20.3110821247,-3.9422733,-1.5494507,-9.1594111
20.3126120567,-4.2364728,-1.6082906,-9.022118
20.3137199879,-4.5895122,-1.7848103,-9.0417313
20.3148400784,-4.6875787,-1.8240369,-9.0613446
20.3161110878,-4.707192,-1.8044236,-9.0613446
20.3175079823,-5.0210048,-1.9221034,-8.8455983
20.3193509579,-4.8640984,-1.9221034,-8.8848249
20.3208310604,-4.5895122,-1.9221034,-8.9044382
20.322371006,-4.4718324,-1.8240369,-9.0417313
20.3236060143,-4.3541526,-1.8436502,-8.9828914
20.3246581554,-3.9422733,-1.7848103,-9.0417313
20.3256709576,-3.334261,-2.5301157,-9.1594111
20.3267371655,-3.138128,-2.1966896,-9.218251
20.3278291225,-3.8834334,-2.6870221,-9.1005712
20.3288531303,-3.4715541,-2.0397832,-9.1594111
20.3323190212,-2.5693423,-2.2163029,-9.3555441
20.3440859318,-2.8243152,-1.5102241,-9.3947707
20.3716380596,-3.726527,-1.6475172,-9.1594111
20.3759579659,-3.5107807,-1.1375714,-8.9828914
20.3773341179,-2.745862,-1.2552512,-8.9240515
20.3819401264,-2.6477955,-0.980665,-8.9436648
20.3923449516,-3.0596748,-1.0395049,-8.9828914
20.4055020809,-3.2165812,-1.0395049,-9.0809579
20.4147770405,-2.7850886,-0.8433719,-9.0613446
20.4231700897,-2.5889556,-1.1179581,-9.2378643
20.4345300198,-2.9616083,-1.0787315,-9.3163175
20.4424791336,-3.530394,-1.2552512,-9.414384
20.4519040585,-3.4323275,-1.1179581,-9.4536106
20.4621870518,-3.3146477,-1.4513842,-9.2967042
20.4723579884,-3.3538743,-1.4513842,-9.1790244
20.4821820259,-3.7853669,-1.4906108,-9.022118
20.4919350147,-3.6284605,-1.5886773,-9.0417313
20.5018601418,-3.4323275,-1.6279039,-9.022118
20.511852026,-3.3734876,-1.6475172,-9.0613446
20.5217790604,-3.5892339,-1.6867438,-9.022118
20.5324790478,-3.5892339,-1.7455837,-9.2574776
20.5423710346,-3.3146477,-1.7063571,-9.2574776
20.5522279739,-3.138128,-1.6475172,-9.1397978
20.5622210503,-3.3538743,-1.7455837,-9.414384
20.5718300343,-3.2754211,-1.5886773,-9.0809579
20.5820660591,-3.138128,-1.4906108,-9.1986377
20.5922811031,-3.0792881,-1.3533177,-9.1986377
20.6022479534,-3.3146477,-1.3140911,-9.1201845
20.6118190289,-3.3538743,-1.4709975,-9.1594111
20.62225914,-3.2558078,-1.4121576,-9.3163175
20.6322500706,-3.3146477,-1.5298374,-9.2378643
20.642250061,-3.3931009,-1.4317709,-9.218251
20.6517870426,-3.334261,-1.6279039,-9.1594111
20.6622979641,-3.334261,-1.6475172,-9.0809579
20.6720359325,-3.3734876,-1.5298374,-9.1005712
20.6823260784,-3.3734876,-1.4513842,-9.0613446
20.6922140121,-3.3734876,-1.5298374,-9.0025047
20.7022550106,-3.3734876,-1.4709975,-9.2770909
20.7124781609,-3.4127142,-1.4709975,-9.2967042
20.7222371101,-3.334261,-1.4906108,-9.1397978
20.7322580814,-3.2361945,-1.4317709,-9.218251
20.7421939373,-3.4127142,-1.3533177,-9.218251
20.7522010803,-3.4911674,-1.4317709,-9.1986377
20.7621679306,-3.5500073,-1.4121576,-9.2770909
20.7722361088,-3.3734876,-1.372931,-9.3163175
20.7821581364,-3.4323275,-1.5298374,-9.2574776
20.7919459343,-3.5892339,-1.5298374,-9.1594111
20.8019850254,-3.4127142,-1.6082906,-9.0809579
20.8119339943,-3.2754211,-1.5886773,-9.022118
20.8221690655,-3.2558078,-1.6279039,-9.022118
20.832378149,-3.1969679,-1.6475172,-9.1594111
20.8423841,-3.1969679,-1.6475172,-9.1397978
20.8523719311,-3.1577413,-1.6279039,-9.0613446
20.8622100353,-3.0400615,-1.5298374,-9.1397978
20.8721051216,-3.0792881,-1.4513842,-9.0809579
20.8824901581,-3.1969679,-1.4709975,-9.1986377
20.8918881416,-3.2558078,-1.372931,-9.2378643
20.9020280838,-3.1577413,-1.3533177,-9.1790244
20.912140131,-3.0792881,-1.2944778,-9.1790244
20.9223949909,-3.1969679,-1.2552512,-9.1986377
20.9323949814,-3.334261,-1.3925443,-9.3751574
20.9421000481,-3.138128,-1.3337044,-9.3555441
20.952105999,-3.1969679,-1.372931,-9.3751574
20.9620320797,-3.334261,-1.4513842,-9.3555441
20.9725520611,-3.2950344,-1.3337044,-9.1986377
20.98229599,-3.2950344,-1.3925443,-9.2770909
20.9924170971,-3.2361945,-1.4513842,-9.3163175
21.0019061565,-3.3538743,-1.4906108,-9.218251
21.0120561123,-3.3538743,-1.5102241,-9.1790244
21.0220520496,-3.334261,-1.4513842,-9.1594111
21.0318181515,-3.3146477,-1.6475172,-9.1790244
21.0417690277,-3.4323275,-1.5102241,-9.2770909
21.0519771576,-3.2950344,-1.5886773,-9.1594111
21.0620601177,-3.2361945,-1.569064,-9.1397978
21.0720160007,-3.2361945,-1.5886773,-9.1005712
21.0820770264,-3.2950344,-1.4906108,-9.2574776
21.0924830437,-3.2950344,-1.5102241,-9.218251
21.1021111012,-3.2754211,-1.3925443,-9.2378643
21.1122200489,-3.2361945,-1.3925443,-9.1790244
21.1222679615,-3.2950344,-1.4121576,-9.1986377
21.1319351196,-3.2558078,-1.3925443,-9.218251
21.1422441006,-3.2165812,-1.4513842,-9.2967042
21.1523561478,-3.2950344,-1.372931,-9.2378643
21.1619801521,-3.3538743,-1.4121576,-9.2574776
21.1719901562,-3.334261,-1.4906108,-9.3163175
21.1819679737,-3.334261,-1.3925443,-9.3555441
21.1921479702,-3.3538743,-1.4121576,-9.1986377
21.2020039558,-3.2950344,-1.4121576,-9.1790244
21.21194911,-3.2754211,-1.4317709,-9.1397978
21.2221980095,-3.3734876,-1.3925443,-9.3359308
21.2324440479,-3.2558078,-1.4317709,-9.3555441
21.2509729862,-3.2361945,-1.372931,-9.3555441
21.2530169487,-3.3146477,-1.5102241,-9.2967042
21.2619171143,-3.3931009,-1.5886773,-9.218251
21.2719049454,-3.2754211,-1.6671305,-9.1397978
21.2819099426,-3.3538743,-1.7063571,-9.1986377
21.291891098,-3.4127142,-1.5886773,-9.1005712
21.3021011353,-3.334261,-1.569064,-9.1594111
21.3125109673,-3.2950344,-1.6082906,-9.2378643
21.322165966,-3.3734876,-1.569064,-9.1005712
21.3318209648,-3.3146477,-1.4513842,-9.1594111
21.3418779373,-3.138128,-1.4513842,-9.0809579
21.3523950577,-3.0792881,-1.4121576,-9.1594111
21.3621110916,-3.1577413,-1.4121576,-9.2967042
21.3718440533,-3.1577413,-1.3925443,-9.1986377
21.3818399906,-3.1773546,-1.5102241,-9.218251
21.3920829296,-3.1577413,-1.4317709,-9.2770909
21.4020740986,-3.2950344,-1.3533177,-9.2574776
21.4120690823,-3.4127142,-1.4121576,-9.2574776
21.4223120213,-3.3538743,-1.3925443,-9.3163175
21.4320580959,-3.4127142,-1.2944778,-9.218251
21.4420490265,-3.3146477,-1.4317709,-9.2574776
21.452049017,-3.2950344,-1.3140911,-9.1986377
21.4621379375,-3.1577413,-1.3337044,-9.1790244
21.4721000195,-3.1969679,-1.4906108,-9.2574776
21.4820301533,-3.2165812,-1.5298374,-9.2967042
21.4921541214,-3.2361945,-1.5102241,-9.1986377
21.5019640923,-3.2165812,-1.5298374,-9.1397978
21.5120799541,-3.1969679,-1.4906108,-9.1201845
21.5220069885,-3.2361945,-1.372931,-9.1790244
21.5326809883,-3.2558078,-1.4121576,-9.1790244
21.5426020622,-3.2165812,-1.4121576,-9.1594111
21.5523750782,-3.2754211,-1.4906108,-9.0417313
21.5622229576,-3.2558078,-1.5102241,-9.2378643
21.5724949837,-3.2754211,-1.6082906,-9.1986377
21.5821919441,-3.2361945,-1.5494507,-9.1986377
21.5925431252,-3.2361945,-1.5886773,-9.218251
21.602200985,-3.3146477,-1.569064,-9.1986377
21.6120700836,-3.2558078,-1.4513842,-9.0809579
21.6222889423,-3.2361945,-1.3925443,-9.2770909
21.6324181557,-3.2165812,-1.3925443,-9.3163175
21.6421871185,-3.2754211,-1.3925443,-9.2378643
21.6519429684,-3.2950344,-1.3925443,-9.2967042
21.6621260643,-3.3146477,-1.4906108,-9.3359308
21.671931982,-3.3538743,-1.4709975,-9.3359308
21.6819291115,-3.3146477,-1.4513842,-9.2770909
21.6921341419,-3.334261,-1.4317709,-9.1790244
21.7024390697,-3.3538743,-1.4317709,-9.1594111
21.7118761539,-3.2950344,-1.3533177,-9.2770909
21.7223670483,-3.1773546,-1.4121576,-9.2967042
21.7322230339,-3.2361945,-1.3925443,-9.2574776
21.7421481609,-3.2950344,-1.5298374,-9.1594111
21.752133131,-3.1577413,-1.4513842,-9.1790244
21.7621459961,-3.0989014,-1.3925443,-9.1986377
21.7723679543,-3.1969679,-1.5102241,-9.2378643
21.7818851471,-3.2361945,-1.4121576,-9.2378643
21.7918801308,-3.1185147,-1.4709975,-9.2574776
21.8017921448,-3.1773546,-1.5102241,-9.1594111
21.8124330044,-3.2950344,-1.569064,-9.0809579
21.8223409653,-3.1969679,-1.4317709,-9.218251
21.831938982,-3.1969679,-1.4317709,-9.2967042
21.8419189453,-3.2558078,-1.4709975,-9.2770909
21.8520331383,-3.3146477,-1.4513842,-9.1790244
21.862030983,-3.2165812,-1.4513842,-9.2574776
21.8718440533,-3.1969679,-1.4709975,-9.1986377
21.8821139336,-3.3146477,-1.4317709,-9.218251
21.8921661377,-3.2165812,-1.4317709,-9.1986377
21.901900053,-3.1773546,-1.3533177,-9.218251
21.9118490219,-3.138128,-1.3925443,-9.2574776
21.9224500656,-3.2558078,-1.4121576,-9.1790244
21.932060957,-3.2950344,-1.4121576,-9.1986377
21.9430241585,-3.1773546,-1.4513842,-9.3163175
21.9526090622,-3.1577413,-1.4513842,-9.1986377
21.9620380402,-3.334261,-1.3925443,-9.1397978
21.9720139503,-3.334261,-1.2944778,-9.218251
21.982517004,-3.2165812,-1.372931,-9.2378643
21.992331028,-3.2754211,-1.4317709,-9.2574776
22.0020079613,-3.3931009,-1.4121576,-9.2378643
22.0120360851,-3.3538743,-1.3925443,-9.2378643
22.0223181248,-3.1969679,-1.5102241,-9.218251
22.0319769382,-3.1969679,-1.4709975,-9.1594111
22.041975975,-3.2950344,-1.5298374,-9.1986377
22.0524461269,-3.2361945,-1.4513842,-9.0613446
22.0624949932,-3.2558078,-1.4317709,-9.1790244
22.0719120502,-3.3538743,-1.4906108,-9.1397978
22.0820610523,-3.334261,-1.3925443,-9.1201845
22.0919909477,-3.1773546,-1.3925443,-9.1790244
22.1025550365,-3.3146477,-1.4513842,-9.4339973
22.1125240326,-3.2950344,-1.4317709,-9.2378643
22.1222729683,-3.2361945,-1.4513842,-9.2770909
22.1320941448,-3.1185147,-1.4513842,-9.2574776
22.1419129372,-3.1577413,-1.4513842,-9.3555441
22.1521029472,-3.1773546,-1.3925443,-9.3751574
22.1618361473,-3.2165812,-1.372931,-9.3751574
22.1722371578,-3.1577413,-1.2944778,-9.2574776
22.1819069386,-3.2754211,-1.3337044,-9.2378643
22.1918389797,-3.2558078,-1.3533177,-9.3751574
22.2022390366,-3.2754211,-1.3140911,-9.3947707
22.2124490738,-3.334261,-1.2552512,-9.3163175
22.2221860886,-3.2950344,-1.4121576,-9.2967042
22.2324249744,-3.3734876,-1.4906108,-9.2967042
22.2424869537,-3.2558078,-1.4709975,-9.1594111
22.2519891262,-3.2950344,-1.569064,-9.1594111
22.2714960575,-3.2558078,-1.5494507,-9.1986377
22.2742550373,-3.2361945,-1.569064,-9.1986377
22.2822971344,-3.0989014,-1.569064,-9.1397978
22.2918281555,-2.941995,-1.5102241,-9.2967042
22.3018190861,-3.0204482,-1.372931,-9.1397978
22.3120889664,-3.0989014,-1.3140911,-9.1594111
22.3223090172,-2.9616083,-1.3140911,-9.1005712
22.3416881561,-2.8439285,-1.2160246,-9.1397978
22.345126152,-2.9812216,-1.176798,-9.1201845
22.3523111343,-3.1185147,-1.1571847,-9.218251
22.3624839783,-3.0989014,-1.176798,-9.2574776
22.3815889359,-3.1577413,-1.2552512,-9.2967042
22.38935709,-3.1185147,-1.1964113,-9.3163175
22.3932549953,-3.1773546,-1.2748645,-9.3555441
22.4021360874,-3.3146477,-1.3337044,-9.2967042
22.4218511581,-3.3146477,-1.3337044,-9.3751574
22.4320089817,-3.1773546,-1.3337044,-9.414384
22.4461901188,-3.2361945,-1.4906108,-9.3163175
22.448485136,-3.2754211,-1.4317709,-9.3359308
22.4520189762,-3.1969679,-1.3925443,-9.2770909
22.4620239735,-3.1773546,-1.3337044,-9.1986377
22.4811611176,-3.2165812,-1.2748645,-9.2574776
22.482763052,-3.2361945,-1.2944778,-9.3163175
22.4923050404,-3.2558078,-1.2944778,-9.2967042
22.502229929,-3.1773546,-1.3337044,-9.3359308
22.5121431351,-3.2165812,-1.3337044,-9.3359308
22.5221390724,-3.138128,-1.4317709,-9.2770909
22.5321979523,-3.0596748,-1.4317709,-9.1201845
22.542470932,-3.1185147,-1.4709975,-9.1986377
22.5523991585,-3.0596748,-1.2944778,-9.1201845
22.5619330406,-2.9812216,-1.2552512,-9.3359308
22.5721211433,-3.2558078,-1.3533177,-9.2574776
22.5821580887,-3.1969679,-1.4513842,-9.2967042
22.592605114,-3.1969679,-1.4709975,-9.218251
22.6021249294,-3.2950344,-1.5494507,-9.3555441
22.6123380661,-3.3734876,-1.4317709,-9.2967042
22.6223571301,-3.2950344,-1.4906108,-9.3947707
22.6323480606,-3.2754211,-1.3337044,-9.2378643
22.6421411037,-3.2558078,-1.2944778,-9.3163175
22.6521649361,-3.334261,-1.3533177,-9.2967042
22.6620979309,-3.1185147,-1.2748645,-9.2378643
22.672162056,-3.0596748,-1.2552512,-9.414384
22.6821680069,-3.138128,-1.1375714,-9.1397978
22.6927940845,-3.2165812,-1.2748645,-9.1594111
22.7030920982,-3.0008349,-1.1571847,-9.1397978
22.7119920254,-2.9027684,-1.2160246,-9.2967042
22.7221479416,-3.1185147,-1.2748645,-9.3751574
22.7321360111,-3.1969679,-1.4121576,-9.3947707
22.7428791523,-3.138128,-1.3925443,-9.2378643
22.7520661354,-3.0989014,-1.4906108,-9.2574776
22.7619929314,-3.2165812,-1.3140911,-9.3359308
22.7723641396,-3.2950344,-1.5102241,-9.3359308
22.7823610306,-3.2165812,-1.4121576,-9.414384
22.7924349308,-3.2165812,-1.4513842,-9.2770909
22.8022470474,-3.2558078,-1.4121576,-9.2770909
22.8121089935,-3.0792881,-1.4317709,-9.3947707
22.8223440647,-3.0989014,-1.372931,-9.1594111
22.8320541382,-3.0596748,-1.3140911,-9.2770909
22.8420510292,-3.138128,-1.3140911,-9.2574776
22.8520550728,-3.0989014,-1.2552512,-9.3163175
22.8625371456,-3.0989014,-1.2160246,-9.1397978
22.8725199699,-3.1773546,-1.2748645,-9.1790244
22.8825230598,-3.138128,-1.2552512,-9.1201845
22.8922650814,-3.1577413,-1.2748645,-9.1986377
22.9026250839,-2.9812216,-1.2748645,-9.1986377
22.9122309685,-3.1577413,-1.2944778,-9.2967042
22.9222400188,-3.1185147,-1.3140911,-9.1986377
22.9321119785,-3.0596748,-1.2944778,-9.3555441
22.9423570633,-3.0204482,-1.1964113,-9.2378643
22.9522211552,-3.0596748,-1.2944778,-9.2378643
22.9628090858,-3.1185147,-1.2356379,-9.3163175
22.9728081226,-3.1577413,-1.372931,-9.2967042
22.9825439453,-3.1185147,-1.2748645,-9.3555441
22.9921729565,-3.138128,-1.372931,-9.218251
23.0020949841,-3.2558078,-1.3925443,-9.218251
23.0127830505,-3.2165812,-1.2944778,-9.1986377
23.0227530003,-3.1185147,-1.3337044,-9.1201845
23.032310009,-3.1185147,-1.3337044,-9.3947707
23.0423920155,-3.2165812,-1.3337044,-9.2574776
23.0525131226,-3.2558078,-1.2944778,-9.1986377
23.0622560978,-3.138128,-1.3140911,-9.2967042
23.0720140934,-3.1969679,-1.3925443,-9.3359308
23.0821940899,-3.138128,-1.3533177,-9.2770909
23.0925910473,-3.1185147,-1.2944778,-9.218251
23.1022291183,-3.0596748,-1.2356379,-9.2378643
23.1127440929,-3.138128,-1.2552512,-9.218251
23.1222009659,-3.1773546,-1.2552512,-9.2770909
23.132568121,-3.1577413,-1.3533177,-9.2967042
23.1431200504,-3.1773546,-1.2160246,-9.3163175
23.1524310112,-3.2558078,-1.2552512,-9.2967042
23.1621570587,-3.2361945,-1.2944778,-9.2967042
23.1728219986,-3.0989014,-1.2944778,-9.3163175
23.1826491356,-3.2165812,-1.2552512,-9.3751574
23.192305088,-3.2754211,-1.2944778,-9.218251
23.203140974,-3.0792881,-1.3533177,-9.2574776
23.2127950191,-3.0596748,-1.1571847,-9.3947707
23.2225811481,-3.0400615,-1.2748645,-9.1986377
23.2322440147,-3.0989014,-1.3337044,-9.2378643
23.2430610657,-3.138128,-1.3337044,-9.1201845
23.2531349659,-3.138128,-1.3140911,-9.1594111
23.2623810768,-3.2558078,-1.4317709,-9.3359308
23.2734000683,-3.1773546,-1.2748645,-9.1986377
23.2826061249,-3.1577413,-1.2552512,-9.2574776
23.2928380966,-3.1577413,-1.3337044,-9.218251
23.3031220436,-3.2361945,-1.3337044,-9.2574776
23.3130230904,-3.2361945,-1.2356379,-9.218251
23.3228449821,-3.0400615,-1.3925443,-9.3359308
23.3329100609,-3.1185147,-1.2552512,-9.3751574
23.3432071209,-3.1969679,-1.2944778,-9.2967042
23.3528549671,-3.138128,-1.2944778,-9.2967042
23.3631930351,-3.1577413,-1.1964113,-9.1986377
23.3732581139,-3.2558078,-1.2944778,-9.1986377
23.3828411102,-3.2165812,-1.2748645,-9.3359308
23.3931529522,-3.0400615,-1.2748645,-9.3359308
23.4023470879,-3.0596748,-1.3140911,-9.3359308
23.4122710228,-3.2950344,-1.3140911,-9.1790244
23.4232981205,-3.0400615,-1.2160246,-9.2574776
23.4323921204,-3.0989014,-1.3533177,-9.2574776
23.4426851273,-3.2361945,-1.3925443,-9.2967042
23.4531490803,-3.2558078,-1.2944778,-9.2967042
23.4622530937,-3.0400615,-1.2748645,-9.2378643
23.4719390869,-3.0792881,-1.3533177,-9.0809579
23.48280406,-3.2165812,-1.3337044,-9.2378643
23.4923570156,-3.1773546,-1.3533177,-9.3163175
23.502820015,-3.138128,-1.2356379,-9.1790244
23.5123419762,-3.2361945,-1.2944778,-9.2574776
23.5224249363,-3.1969679,-1.2748645,-9.3947707
23.5325169563,-3.2361945,-1.1964113,-9.3947707
23.5422289371,-3.1577413,-1.0787315,-9.1005712
23.5524940491,-3.0792881,-1.3337044,-9.2378643
23.5625889301,-3.0792881,-1.2160246,-9.2967042
23.5724201202,-3.0400615,-1.2552512,-9.5124505
23.5825190544,-3.1185147,-1.2552512,-9.2378643
23.5923509598,-3.138128,-1.1964113,-9.3163175
23.60268116,-3.0596748,-1.2748645,-9.2574776
23.6125600338,-3.0792881,-1.2552512,-9.1986377
23.6225099564,-2.9812216,-1.2356379,-9.1005712
23.6323421001,-3.0989014,-1.2748645,-9.2967042
23.6422049999,-3.1969679,-1.2748645,-9.3163175
23.6523389816,-3.1577413,-1.2944778,-9.2770909
23.6625189781,-3.1773546,-1.2944778,-9.218251
23.6726570129,-3.1969679,-1.3533177,-9.218251
23.6826460361,-3.3146477,-1.2748645,-9.2770909
23.6922521591,-3.138128,-1.2160246,-9.218251
23.7024121284,-3.2165812,-1.2944778,-9.218251
23.7129650116,-3.2165812,-1.3925443,-9.3555441
23.7225780487,-3.138128,-1.1964113,-9.3163175
23.7324810028,-3.1969679,-1.2944778,-9.2967042
23.7428059578,-3.1185147,-1.176798,-9.3555441
23.7524819374,-3.138128,-1.3533177,-9.3163175
23.7631509304,-3.1185147,-1.2356379,-9.2770909
23.7720401287,-3.1185147,-1.1375714,-9.2574776
23.7821791172,-3.0989014,-1.2356379,-9.2967042
23.7923250198,-3.1185147,-1.2160246,-9.2378643
23.8238060474,-3.1969679,-1.2552512,-9.3555441
23.8292031288,-3.2165812,-1.176798,-9.2378643
23.8318760395,-3.1773546,-1.3140911,-9.1790244
23.8362801075,-3.1773546,-1.2748645,-9.2378643
23.841946125,-3.1577413,-1.2944778,-9.1986377
23.8693461418,-3.1185147,-1.2748645,-9.3163175
23.8715391159,-3.0989014,-1.4317709,-9.2378643
23.873898983,-3.138128,-1.3140911,-9.1397978
23.883671999,-3.0596748,-1.3140911,-9.2378643
