3.02973484993,0.392266,0.0196133,-10.2381426
3.045981884,-0.4118793,-0.9414384,-10.6892485
3.06615996361,-5.5113373,-1.2160246,-11.179581
3.07340598106,-2.8439285,-0.8433719,-10.4146623
3.07883691788,1.569064,-2.6477955,-10.395049
3.08585596085,0.5687857,-1.5298374,-9.4732239
3.09421300888,-2.8243152,-0.4118793,-9.1790244
3.10013580322,-1.2356379,-0.980665,-8.3748791
3.10907292366,-2.2359162,0.1765197,-8.5513988
3.12003588676,8.6886919,2.745862,-7.060788
3.12913799286,19.9663394,0.4707192,-7.84532
3.13929200172,12.7878716,1.8240369,-5.5113373
3.14933800697,4.4718324,4.1384063,-8.237586
3.16088080406,12.7290317,5.687857,-8.8063717
3.17049598694,11.4345539,1.8632635,-9.0417313
3.17939281464,5.9036033,1.6082906,-10.4342756
3.19079589844,5.4328841,-0.6276256,-9.5909037
3.20003890991,6.3743225,-1.372931,-9.0613446
3.20931386948,6.8450417,-1.0591182,-9.1594111
3.2209508419,5.1779112,-0.4511059,-10.8265416
3.23071479797,3.138128,-0.4511059,-9.8851032
3.24042892456,-0.7060788,-0.7649187,-10.6696352
3.25094294548,-2.4320492,0.0,-10.8461549
3.26740980148,-1.4709975,0.0588399,-10.5715687
3.28681302071,-1.6082906,0.4511059,-10.0420096
3.30700182915,-2.2947561,0.588399,-9.8458766
3.30838489532,-3.0792881,0.3726527,-10.5127288
3.31850385666,-3.5500073,-0.1569064,-10.2185293
3.3186788559,-4.0011132,-0.8825985,-10.4146623
3.33775281906,-4.2364728,-0.9218251,-10.3558224
3.33788990974,-4.1776329,-1.2356379,-10.3362091
3.34782195091,-4.4326058,-1.2748645,-9.9831697
3.36849498749,-4.6091255,-1.4121576,-9.80665
3.36858987808,-4.1776329,-1.3337044,-9.6301303
3.38645482063,-3.6088472,-1.0591182,-9.6497436
3.38703799248,-2.9616083,-1.0002783,-9.5909037
3.39943885803,-2.941995,-0.8237586,-9.4536106
3.41186189651,-2.8831551,-0.784532,-9.3359308
3.42946600914,-2.8243152,-0.6864655,-9.218251
3.42955589294,-2.5889556,-0.9218251,-9.022118
3.44453382492,-1.9809433,-0.9022118,-8.8063717
3.45984888077,-2.0005566,-0.9218251,-8.8848249
3.45989584923,-2.0005566,-0.980665,-9.4339973
3.48044395447,-1.2748645,-1.0198916,-8.9436648
3.48054981232,-0.5491724,-0.8237586,-8.8848249
3.50182199478,-0.9022118,-0.9610517,-8.4141057
3.50186491013,-0.7256921,-0.5295591,-8.8848249
3.52156591415,-0.0392266,-0.4707192,-9.1005712
3.52160787582,0.5295591,-0.5295591,-8.825985
3.53861498833,0.784532,-0.5295591,-8.8063717
3.53867483139,0.5295591,-0.5687857,-8.9240515
3.54182600975,0.0392266,-0.588399,-8.7475318
3.549877882,0.0784532,-0.392266,-8.7671451
3.55972695351,0.2745862,-1.2160246,-8.5121722
3.56976294518,4.2168595,-1.1571847,-7.5707338
3.57960581779,7.4138274,-0.588399,-7.9433865
3.58966898918,11.0619012,3.0204482,-4.8640984
3.59938788414,35.4804597,2.9223817,1.9024901
3.60979390144,14.5726819,1.3925443,-10.8461549
3.61955690384,2.4516625,3.9030467,-10.5715687
3.62953996658,-5.4721107,-1.7063571,-11.5914603
3.63957190514,-0.7256921,-0.1569064,-11.9837263
3.64955091476,3.6676871,-0.7453054,-10.6892485
3.66501283646,2.0397832,-2.1378497,-10.4342756
3.67097783089,-1.1179581,-1.1179581,-10.6500219
3.68193888664,-0.980665,-0.8433719,-9.8851032
3.69343185425,1.569064,-0.2549729,-10.0616229
3.69937896729,0.6080123,0.6080123,-9.1005712
3.70992302895,0.0,0.2745862,-8.3160392
3.72150087357,0.9414384,0.8237586,-8.0806796
3.72933602333,2.549729,0.7649187,-8.3748791
3.74369287491,2.941995,0.8237586,-8.3356525
3.74975895882,2.0790098,0.980665,-8.5710121
3.75964093208,1.2748645,0.4118793,-9.2770909
3.77272987366,2.1770763,0.5687857,-9.80665
3.78003692627,1.8240369,0.0588399,-10.4146623
3.78978586197,1.5298374,0.1372931,-10.5323421
3.80070590973,1.2356379,-0.196133,-10.4342756
3.80963993073,0.5099458,0.1372931,-10.4538889
3.81963682175,0.9610517,0.0196133,-10.1008495
3.83491182327,1.6475172,0.0784532,-9.9439431
3.8393778801,1.5886773,0.1765197,-9.7674234
3.8514509201,0.8041453,-0.1176798,-9.7478101
3.86258888245,0.5099458,-0.0784532,-9.8654899
3.86999797821,0.5687857,-0.2549729,-9.9243298
3.88493299484,0.7060788,-0.2157463,-10.0223963
3.89087200165,0.6472389,-0.3334261,-9.8262633
3.89946484566,0.4314926,-0.3138128,-9.8654899
3.9133849144,-3.1185147,-0.6864655,-10.6107953
3.91935682297,-7.453054,-2.4516625,-10.5519554
3.92938089371,-3.6676871,-1.4121576,-11.6895268
3.94132494926,-0.1569064,-2.2359162,-10.4735022
3.94943499565,-4.0403398,-1.96133,-10.5127288
3.95985102654,-8.1787461,-2.353596,-10.1596894
3.96990299225,-5.5897905,-1.7848103,-9.218251
3.98019194603,-0.6472389,-1.0198916,-8.7279185
3.9895939827,-0.6668522,-0.9610517,-8.7867584
3.99999499321,-3.5696206,-1.0198916,-8.8652116
4.00948286057,-4.2560861,-1.5298374,-9.1790244
4.0232129097,-1.8828768,-1.372931,-8.6494653
4.02974295616,-0.9218251,-1.6082906,-8.9044382
4.03951883316,-2.8831551,-2.1378497,-8.9240515
4.04958486557,-3.6284605,-2.0005566,-9.0417313
4.05970287323,-1.5886773,-1.8828768,-8.7279185
4.06946992874,0.8433719,-1.2160246,-8.3748791
4.07952880859,0.8825985,-0.6472389,-7.4922806
4.08946084976,-0.7060788,-1.5494507,-8.3944924
4.09997582436,-0.1765197,0.1765197,-8.4729456
4.10956287384,4.8052585,-0.2549729,-7.7080269
4.11946201324,7.2373077,0.6276256,-7.453054
4.12944102287,4.3541526,0.6080123,-7.0019481
4.13966083527,2.3928226,0.588399,-7.9826131
4.14981389046,6.0408964,-0.0784532,-8.7671451
4.1594388485,7.2961476,0.2941995,-9.3555441
4.16999387741,5.9232166,-0.392266,-9.2770909
4.17964696884,27.9097259,-1.4317709,-9.8851032
4.18938684464,14.8472681,1.569064,-10.9049948
4.199395895,-0.3138128,0.9610517,-13.1801376
4.20940899849,-5.5897905,0.980665,-11.4737805
4.21936988831,-0.6472389,-1.5298374,-10.4735022
4.22966003418,4.8248718,0.9218251,-10.3754357
4.2396299839,5.8055368,0.0784532,-9.6301303
4.24965500832,3.530394,0.9610517,-7.7864801
4.25935196877,0.4903325,0.6472389,-8.9436648
4.2698559761,0.7453054,1.2944778,-8.0022264
4.27994585037,5.0013915,1.6082906,-8.5906254
4.28961396217,5.3936575,1.1179581,-8.7083052
4.29938101768,2.3732093,0.6472389,-9.4732239
4.30937981606,-0.4511059,0.2941995,-10.2773692
4.31957387924,1.1375714,-0.5295591,-10.5323421
4.32973194122,1.9417167,-0.2353596,-10.5715687
4.33958482742,2.2359162,-0.0196133,-9.9047165
4.34943795204,-0.7256921,-1.1571847,-9.8458766
4.35955786705,-2.8243152,-1.0591182,-10.1204628
4.36956691742,-2.3339827,-0.0588399,-9.8458766
4.38055992126,1.0983448,-0.4314926,-10.2969825
4.39040589333,2.5693423,0.0588399,-9.6693569
4.39977192879,-0.0196133,-0.3530394,-9.1397978
4.4095249176,-2.0397832,-0.9610517,-9.5516771
4.41971492767,-2.0986231,-0.1176798,-9.022118
4.4296028614,-0.4118793,-0.196133,-9.0613446
4.43978285789,0.784532,-0.1372931,-9.8851032
4.44990491867,0.1372931,-0.588399,-9.7870367
4.45976901054,-1.8828768,-0.5687857,-10.395049
4.46987700462,-3.2165812,-1.2944778,-10.591182
4.47988200188,-2.8635418,-1.2552512,-10.5127288
4.48954391479,-2.2555295,-1.4121576,-10.2969825
4.49947595596,-3.334261,-1.5102241,-10.1204628
4.50984787941,-3.8638201,-1.9024901,-9.8654899
4.51994800568,-2.8047019,-2.0986231,-9.5712904
4.53037190437,-2.0790098,-2.0201699,-9.5712904
4.53997397423,-2.549729,-2.7066354,-9.7085835
4.54948401451,-2.549729,-1.7063571,-9.9243298
4.55985498428,-1.8044236,-2.1378497,-9.7085835
4.569439888,-1.6475172,-2.0005566,-9.2378643
4.57995295525,-1.3140911,-1.4709975,-8.8652116
4.5896718502,-1.1179581,-1.3533177,-8.8455983
4.5999379158,-0.4118793,-0.6864655,-8.7083052
4.60983681679,0.2353596,-0.3726527,-8.5906254
4.61944580078,0.4707192,-0.5687857,-8.5906254
4.62972283363,0.5491724,-0.8041453,-8.8652116
4.63993382454,0.2745862,-0.7060788,-8.8063717
4.64940285683,0.392266,-0.8041453,-8.9828914
4.65939188004,0.6276256,-0.7060788,-9.6301303
4.66990590096,4.5895122,-0.6472389,-7.256921
4.67942285538,6.7862018,-0.1765197,-7.4138274
4.6894338131,28.1646988,2.8047019,-5.5505639
4.699436903,20.6920315,1.4906108,-8.4533323
4.70963191986,8.6690786,2.1966896,-13.4154972
4.72390580177,7.7472535,0.980665,-12.0229529
4.72987890244,3.138128,1.0983448,-10.8853815
4.74644088745,0.392266,-0.2353596,-9.4536106
4.75184583664,0.0,0.0392266,-9.6693569
4.75936794281,1.8632635,-1.0002783,-9.7281968
4.77484583855,3.1577413,-1.7259704,-8.629852
4.77986001968,1.9809433,0.1765197,-10.591182
4.78965997696,-1.4121576,-0.8237586,-10.2969825
4.80256485939,-1.9221034,-1.1571847,-9.7674234
4.80961894989,0.392266,-0.3530394,-9.414384
4.81989598274,1.1179581,-0.0588399,-9.3751574
4.83111691475,0.5491724,0.0588399,-9.2770909
4.83954501152,0.3138128,-0.1569064,-9.2378643
4.84979486465,0.0,0.2157463,-10.2381426
4.85950994492,1.6867438,0.4903325,-9.5516771
4.8714838028,4.3541526,0.8433719,-8.8848249
4.87964582443,3.8049802,1.0395049,-8.9828914
4.89348292351,1.9024901,1.1375714,-9.2967042
4.89947986603,2.8831551,1.0198916,-10.1400761
4.90947079659,4.6483521,1.2944778,-10.2969825
4.92160701752,2.5693423,0.2353596,-10.6892485
4.92973184586,0.1372931,0.3530394,-10.8853815
4.94403481483,0.5295591,-0.0196133,-10.3558224
4.95499897003,0.6668522,-0.2353596,-10.1596894
4.9644010067,0.6668522,-0.196133,-10.1204628
4.97795200348,0.8825985,-0.4903325,-9.6889702
4.98292684555,-1.7063571,-0.0784532,-10.3558224
4.99268484116,-3.8245935,-0.3726527,-10.3558224
5.00593590736,-3.2165812,-0.7649187,-10.4342756
5.01096487045,-0.1372931,-0.3530394,-10.5323421
5.01968598366,-1.4317709,-1.3533177,-10.6500219
5.03226900101,-5.687857,-0.9414384,-10.4146623
5.04596996307,-5.9036033,-1.5494507,-10.0223963
5.04990792274,-2.2555295,-0.980665,-9.5909037
5.05994582176,-1.3533177,-1.0002783,-9.4928372
5.06990194321,-4.3541526,-1.0395049,-9.6693569
5.07996988297,-4.903325,-1.3140911,-9.6889702
5.08973288536,-2.6085689,-1.0395049,-9.610517
5.09968185425,-1.5886773,-1.0983448,-9.7281968
5.11009788513,-2.5889556,-1.2748645,-9.5712904
5.12010979652,-3.4911674,-1.0395049,-9.2378643
5.13066387177,-2.2163029,-1.0787315,-8.7867584
5.13998699188,0.0,-0.6276256,-8.3160392
5.14983201027,0.1176798,-0.7453054,-8.4141057
5.15983200073,-0.0980665,-0.1569064,-8.3160392
5.16956782341,-0.2353596,-0.784532,-8.7475318
5.18042588234,-0.0784532,-0.2745862,-8.5121722
5.18955683708,0.0980665,-0.3530394,-8.9240515
5.19962787628,0.6864655,-1.0591182,-8.7083052
5.20963287354,1.5886773,-1.0198916,-9.7281968
5.21953892708,5.5701772,-0.4314926,-7.9629998
5.23011493683,5.9820565,-0.3138128,-7.256921
5.24006700516,4.8640984,-0.7256921,-5.8251501
5.25002884865,32.1069721,4.5502856,-9.414384
5.25993299484,13.140911,3.530394,-9.4732239
5.27092981339,1.4906108,3.5500073,-7.5118939
5.27994799614,-5.6094038,-1.5494507,-10.7284751
5.29349184036,-4.118793,-0.0980665,-11.1207411
5.29949593544,3.5696206,1.0002783,-9.9831697
5.31080889702,5.1190713,1.176798,-8.2964259
5.31947898865,0.3138128,1.4709975,-8.8455983
5.33001995087,-3.2361945,-1.1964113,-11.179581
5.33978796005,-1.372931,0.5099458,-8.5906254
5.3497338295,6.0408964,2.0790098,-8.0806796
5.35986280441,6.864655,0.4903325,-9.0417313
5.36946582794,0.5687857,1.1571847,-8.8848249
5.37995100021,-2.6674088,1.0395049,-9.5320638
5.38945794106,1.765197,0.6080123,-9.8262633
5.40048599243,5.8055368,0.6668522,-10.2577559
5.40969491005,4.707192,0.5687857,-10.2381426
5.41946792603,1.0198916,0.1372931,-10.3558224
5.43007397652,-1.7848103,0.5687857,-10.1793027
5.43969082832,1.2356379,0.3530394,-9.8458766
5.45326900482,4.5502856,0.9218251,-9.8851032
5.45998001099,2.6085689,0.588399,-9.8654899
5.47011494637,-0.5491724,0.9218251,-9.9047165
5.48156380653,-0.1176798,0.6276256,-10.198916
5.48963499069,1.6082906,0.7060788,-10.0616229
5.49998402596,1.3337044,0.392266,-10.0616229
5.51487183571,1.176798,0.6668522,-10.198916
5.52113294601,0.5295591,0.3726527,-9.9047165
5.53249287605,0.2157463,0.2353596,-9.414384
5.54358696938,-3.8834334,-0.2549729,-9.8851032
5.54974985123,-7.4922806,-2.7654753,-9.9047165
5.56592702866,-3.3734876,-0.7256921,-10.395049
5.57187986374,-0.6276256,-2.1378497,-10.591182
5.58039784431,-3.8638201,-1.9809433,-10.7088618
5.59435081482,-7.9237732,-1.2552512,-10.4342756
5.60061502457,-6.2174161,-2.3732093,-9.7870367
5.61038899422,-1.1571847,-0.392266,-9.1397978
5.61980986595,-0.8629852,-1.4709975,-9.1986377
5.63008379936,-3.8049802,-0.7256921,-9.3947707
5.63983893394,-4.7464186,-1.4317709,-9.3947707
5.64989590645,-2.9812216,-1.2356379,-9.4536106
5.65993380547,-1.0395049,-1.0591182,-8.9240515
5.66979384422,-2.1966896,-1.5298374,-9.1790244
5.68032884598,-3.4323275,-1.176798,-9.0025047
5.68979287148,-2.5693423,-1.3533177,-8.4141057
5.69983386993,0.0784532,-0.392266,-8.3552658
5.71001791954,0.8629852,-0.2157463,-8.041453
5.71981692314,0.392266,-0.588399,-8.237586
5.73048186302,-0.8237586,-0.1372931,-8.8848249
5.74068880081,-0.8629852,-0.3138128,-8.8848249
5.74977183342,1.0591182,-0.2745862,-8.9240515
5.76002383232,4.7268053,0.2941995,-8.1591328
5.77007699013,26.085689,4.8248718,-6.9823348
5.77994394302,25.5561299,0.4118793,-12.7878716
5.79023385048,7.8257067,3.2754211,-11.0030613
5.79970979691,-2.6477955,1.6867438,-11.7287534
5.81047296524,-10.0812362,-0.6864655,-10.2773692
5.82229280472,-0.5687857,1.176798,-9.2967042
5.83145093918,9.610517,2.2751428,-9.7281968
5.8405418396,4.2756994,0.0196133,-9.9243298
5.84969997406,-4.1776329,-0.4511059,-11.8856598
5.86037898064,-4.1972462,-0.1176798,-8.825985
5.87033700943,0.0588399,0.4707192,-9.6889702
5.87967801094,2.5105024,-0.3530394,-10.7480884
5.89065599442,5.7074703,1.569064,-8.9632781
5.89966988564,4.903325,1.569064,-8.6886919
5.91031479836,-0.5099458,-0.5687857,-8.3748791
5.92060184479,-0.3726527,0.7649187,-8.9828914
5.93031787872,6.9823348,1.4906108,-9.0025047
5.94083786011,7.8845466,0.8237586,-9.5909037
5.94962382317,2.2359162,0.6472389,-10.3754357
5.95970892906,-0.1372931,0.5491724,-10.7480884
5.97070884705,3.6088472,0.2549729,-10.5127288
5.98096394539,5.5309506,0.1765197,-9.9635564
5.99113082886,3.5892339,0.1569064,-10.0420096
6.00114297867,-0.8433719,0.2549729,-10.395049
6.01010084152,-0.1569064,-0.2353596,-9.80665
6.02016282082,3.6480738,0.5295591,-9.5712904
6.03008890152,3.4911674,0.2941995,-9.7085835
6.04010295868,0.6864655,-0.0392266,-9.7870367
6.05074596405,-0.980665,-0.0784532,-9.8851032
6.06863999367,0.0,-0.3334261,-9.4928372
6.08337783813,0.9414384,0.0196133,-10.0812362
6.1003279686,-1.4709975,-0.5099458,-9.6889702
6.1003639698,-5.4328841,-0.6472389,-10.2773692
6.13869595528,-4.1580196,-0.0588399,-11.0619012
6.13914585114,-2.1966896,-1.7848103,-11.3168741
6.13923883438,-3.0400615,-1.3925443,-10.6500219
6.1392698288,-6.2370294,-1.5102241,-9.9243298
6.18620991707,-7.1000146,-1.8044236,-9.7281968
6.18663096428,-3.8834334,-1.0395049,-9.6497436
6.18899893761,-1.7259704,-1.1179581,-9.4928372
6.19047188759,-3.0596748,-0.6668522,-9.2967042
6.19647502899,-4.6287388,-1.0591182,-9.1594111
6.19841003418,-4.0991797,-0.8041453,-9.1005712
6.20116281509,-2.8831551,-1.2356379,-8.9828914
6.2102189064,-2.353596,-1.0395049,-9.1594111
6.22570991516,-3.5500073,-1.2160246,-9.1005712
6.24424290657,-2.9616083,-1.1571847,-8.8848249
6.25563192368,-0.9610517,-0.8237586,-8.3160392
6.26551485062,-0.3726527,-0.5491724,-8.4141057
6.26797389984,0.2549729,-0.2353596,-8.0218397
6.27051496506,0.0392266,-0.6276256,-8.4533323
6.28567290306,-0.3530394,-0.0392266,-8.5906254
6.29507398605,2.6281822,-0.588399,-8.5121722
6.29948186874,32.8522775,1.96133,-7.5511205
6.30918288231,14.9845612,-0.4903325,-7.1980811
6.32072997093,3.334261,0.7649187,-7.9041599
6.32941293716,-2.157463,-1.0591182,-10.9049948
6.34400486946,-6.3743225,-1.176798,-10.2969825
6.34955787659,0.7060788,-0.4314926,-10.2773692
6.35913300514,9.8458766,-0.2745862,-9.7674234
6.37247395515,6.6881353,0.1765197,-10.6107953
6.37943196297,-1.7259704,0.2353596,-8.9828914
6.38951683044,-5.1386846,-0.3138128,-9.8654899
6.40044784546,-1.0591182,0.0,-9.7674234
6.40964388847,5.0406181,0.0392266,-9.9635564
6.42315793037,5.9036033,0.8041453,-9.1986377
6.43400382996,1.0983448,-0.4707192,-9.5320638
6.44335389137,-3.5696206,0.2745862,-10.3754357
6.4569849968,1.4513842,0.392266,-9.2967042
6.46203303337,8.0218397,1.3533177,-9.2967042
6.47014498711,7.3746008,1.0591182,-8.9436648
6.47931599617,1.6671305,0.196133,-9.218251
6.49340581894,1.3925443,0.9022118,-9.2574776
6.49905586243,6.472389,0.8825985,-9.2378643
6.5103328228,7.649187,0.980665,-9.1594111
6.52199292183,2.5889556,0.1569064,-9.7674234
6.52960085869,0.7649187,0.5687857,-9.80665
6.54432702065,3.8245935,0.4511059,-10.5519554
6.5501499176,4.9229383,0.392266,-10.3362091
6.55903983116,2.4908891,0.4903325,-10.2381426
6.57260203362,-1.1375714,-0.0784532,-10.2773692
6.58207798004,-0.3138128,-0.2745862,-10.4931155
6.58952784538,1.1179581,-0.0588399,-10.1400761
6.60111880302,1.372931,0.3334261,-9.7870367
6.6102309227,1.5886773,0.2353596,-9.414384
6.61923384666,0.8825985,-0.1176798,-9.414384
6.62922501564,-4.7856452,-1.569064,-10.2969825
6.63927292824,-8.8063717,-2.1182364,-11.0030613
6.64920783043,-5.5897905,-0.196133,-10.591182
6.65929198265,-1.8044236,-2.1966896,-10.8265416
6.67021584511,-4.5895122,-1.5298374,-10.3362091
6.68042492867,-8.3944924,-2.157463,-10.2185293
6.68924689293,-6.3939358,-1.176798,-9.2574776
6.69986391068,-1.6671305,-0.6472389,-8.4533323
6.7102959156,-0.6864655,-0.4511059,-8.4533323
6.71921396255,-2.7654753,-0.1765197,-8.9436648
6.72927689552,-3.9030467,-0.8237586,-9.7870367
6.73982095718,-3.0989014,-1.0002783,-9.6497436
6.74947690964,-1.2552512,-0.588399,-9.80665
6.76002001762,-2.0986231,-1.6279039,-9.6889702
6.76942396164,-2.941995,-0.8825985,-9.1005712
6.7791659832,-2.4516625,-1.4121576,-8.5710121
6.78945398331,-0.5099458,-0.6080123,-8.0610663
6.80029392242,0.8433719,-0.0196133,-8.0806796
6.80914497375,0.4511059,-0.8629852,-8.8063717
6.8198390007,-0.3726527,-0.392266,-8.5906254
6.83015799522,1.4709975,-0.1569064,-7.9237732
6.83954381943,6.1193496,-0.1765197,-7.1980811
6.84958791733,6.9234949,-4.0599531,-6.668522
6.85952782631,35.0293538,3.726527,-6.668522
6.87194180489,20.005566,0.3530394,-9.1594111
6.87942290306,1.569064,0.1765197,-9.9047165
6.89417695999,-7.6295737,-0.392266,-13.2585908
6.8997168541,-2.353596,-0.3726527,-10.395049
6.90977787971,4.9229383,-0.4314926,-9.7281968
6.92171287537,4.8248718,0.5099458,-9.1201845
6.94691991806,0.2353596,-0.6276256,-9.7870367
6.96686697006,-4.2168595,-1.0002783,-9.80665
6.96696782112,-2.3732093,0.0196133,-9.8851032
6.98581981659,1.7455837,-0.5491724,-9.2770909
6.98585700989,5.1975245,0.588399,-10.2185293
7.02757096291,3.2361945,-0.0196133,-10.2577559
7.027602911,-0.0392266,0.196133,-8.9828914
7.0276248455,-2.3143694,0.0784532,-9.3163175
7.02764391899,0.8237586,0.1176798,-8.9436648
7.04701399803,6.9431082,0.8433719,-8.5513988
7.04704785347,5.8643767,0.2549729,-8.9240515
7.07209086418,1.0002783,0.392266,-9.414384
7.07213187218,1.4906108,0.588399,-9.4732239
7.07242894173,6.3939358,0.6668522,-9.5320638
7.09377598763,7.5118939,0.8237586,-9.5516771
7.09385895729,3.138128,0.6864655,-9.5712904
7.11787390709,1.0198916,0.4707192,-9.6889702
7.11799693108,4.3345393,0.2353596,-9.9635564
7.15892195702,6.2566427,0.392266,-10.1793027
7.15896892548,2.8635418,0.1176798,-10.3754357
7.15900087357,-0.7060788,-0.1569064,-10.8461549
7.15903496742,-0.4118793,-0.4314926,-10.5323421
7.18047881126,0.4903325,-0.8433719,-10.983448
7.18051886559,2.0593965,-0.392266,-10.4931155
7.18054199219,1.765197,0.1765197,-10.0420096
7.20507287979,-2.549729,-0.4118793,-11.1011278
7.20549702644,-10.1793027,0.3138128,-11.5522337
7.20838189125,-9.0025047,-1.6671305,-11.1403544
7.20963597298,-1.1964113,-2.4516625,-11.6699135
7.22605991364,-3.1185147,-2.2555295,-11.1207411
7.24612402916,-12.160246,-3.0204482,-10.9442214
7.25742602348,-11.9052731,-3.2558078,-10.198916
7.25749397278,-2.9812216,-2.1770763,-9.6693569
7.26617097855,-1.6082906,-2.2947561,-9.4536106
7.27007293701,-7.060788,-1.2944778,-9.0613446
7.28573584557,-8.0610663,-1.6671305,-8.5513988
7.29412388802,-3.2165812,-1.0983448,-8.629852
7.30111885071,1.8240369,-0.8629852,-8.0022264
7.3093919754,-1.6082906,-1.1375714,-7.8257067
7.31946182251,-3.1185147,-0.7256921,-7.6688003
7.32986187935,-0.0588399,-1.2356379,-7.6688003
7.33943200111,0.6668522,-0.4707192,-7.453054
7.34988880157,0.5099458,-1.0983448,-7.8060934
7.35909700394,2.3732093,-0.7453054,-6.8450417
7.3695268631,5.6094038,-0.2941995,-6.6292954
7.37939786911,34.127142,7.5903471,-7.060788
7.38987493515,14.9453346,2.2555295,-11.5130071
7.39946484566,-0.1176798,-1.4906108,-11.4149406
7.40983295441,-4.7856452,-1.1179581,-11.7287534
7.42561101913,-3.7069137,-1.96133,-11.0030613
7.43605089188,3.6480738,-0.1569064,-9.7870367
7.44158792496,4.9817782,-0.5491724,-9.4928372
7.45391583443,-0.7256921,-0.5687857,-10.591182
7.46516394615,-6.1193496,-1.4906108,-10.2185293
7.46977496147,-1.8044236,-1.3533177,-10.1793027
7.47953391075,4.118793,-1.2552512,-10.0812362
7.49355602264,5.3348176,-1.2552512,-8.7279185
7.49979996681,1.8240369,-1.6475172,-9.2574776
7.51047801971,-2.3928226,-2.2163029,-10.395049
7.52173495293,-1.2160246,-1.7455837,-10.4342756
7.53170990944,2.4908891,-2.3143694,-8.8652116
7.53998780251,8.1199062,0.1569064,-8.5317855
7.54984593391,9.3555441,2.1378497,-8.1591328
7.561013937,2.0005566,-1.8632635,-8.5710121
7.56986188889,-1.2748645,1.9809433,-7.7864801
7.58375787735,10.0812362,1.5102241,-7.5707338
7.59370684624,10.6892485,0.6276256,-7.84532
7.60062193871,2.9027684,0.0196133,-9.4339973
7.61206388474,-0.0784532,-0.3334261,-9.7281968
7.62270593643,5.5113373,-0.8237586,-9.8458766
7.62957191467,7.7276402,-0.7256921,-9.1594111
7.64043498039,3.6284605,0.9218251,-9.3555441
7.65150094032,-2.6870221,-0.8433719,-10.3558224
7.65947580338,-0.0588399,-0.9414384,-10.591182
7.674451828,4.9621649,-0.8629852,-11.1011278
7.68468785286,2.9616083,-1.1375714,-11.8464332
7.6904540062,2.0593965,-0.2941995,-10.5715687
7.70256781578,0.8629852,-1.372931,-9.7085835
7.71347880363,-6.0016698,-2.1966896,-10.3754357
7.71940684319,-9.6497436,-2.4712758,-10.3165958
7.72986698151,-2.0986231,-1.2160246,-11.7287534
7.73937892914,-0.3726527,-2.2947561,-10.8657682
7.74963498116,-6.2566427,-2.0005566,-10.6892485
7.75948596001,-9.0025047,-2.0593965,-10.2381426
7.76942682266,-4.8837117,-1.372931,-9.3947707
7.7796318531,-1.0198916,-0.8825985,-8.7671451
7.78961992264,-2.0790098,-1.0198916,-8.433719
7.79965496063,-4.3933792,-1.0983448,-8.5317855
7.80943489075,-3.9030467,-1.1571847,-8.9828914
7.81943392754,-1.9024901,-1.0787315,-8.6690786
7.82953500748,-0.9414384,-1.5102241,-9.1397978
7.83940887451,-2.8243152,-1.4121576,-9.2967042
7.84940099716,-3.4715541,-1.4906108,-9.1790244
7.85939598083,-1.5886773,-1.372931,-8.6886919
7.87001895905,0.5491724,-1.0002783,-8.4729456
7.87976384163,1.1179581,-0.784532,-8.4729456
7.88942480087,0.2549729,-1.3140911,-8.5710121
7.89996194839,-1.372931,-0.7256921,-8.3552658
7.90975785255,3.4911674,-0.8629852,-8.6690786
7.91958594322,34.9705139,4.8444851,0.5295591
7.92958688736,18.8091547,1.4513842,-5.6486304
7.93953180313,-5.1386846,-1.7455837,-10.8853815
7.94978284836,-11.6110736,-1.96133,-14.709975
7.96287488937,-7.7668668,-1.5298374,-10.1596894
7.96973800659,3.6088472,-1.3925443,-10.6304086
7.9855799675,8.7279185,0.8433719,-9.3751574
7.99156498909,3.138128,0.2745862,-10.9442214
8.00054693222,-6.0605097,-0.588399,-7.4726673
8.01414680481,-3.4323275,-0.6472389,-9.4732239
8.01974987984,5.099458,-0.9414384,-8.9632781
8.03001189232,6.1585762,0.4511059,-7.7080269
8.04250597954,2.0986231,0.1765197,-9.2378643
8.04975485802,-2.8635418,-0.6864655,-10.2381426
8.0594329834,-4.2560861,-0.1176798,-10.1008495
8.07015585899,1.1179581,0.4314926,-10.0812362
8.07952594757,7.6688003,0.4118793,-9.2770909
8.09264087677,6.5312289,1.0787315,-8.3944924
8.09952092171,2.549729,0.6276256,-9.5516771
8.10990095139,-1.1571847,1.0787315,-9.3555441
8.1201210022,6.3350959,1.1375714,-9.6693569
8.13712596893,10.6892485,1.372931,-8.7671451
8.1606798172,4.8640984,1.3337044,-9.4928372
8.16079902649,0.3530394,-0.1372931,-11.1207411
8.18308281898,5.5505639,1.2944778,-10.5127288
8.18311786652,9.2574776,1.2160246,-9.8654899
8.22745680809,5.9428299,0.8629852,-9.2967042
8.22771191597,-0.0588399,0.5491724,-9.3359308
8.22793483734,1.765197,1.1964113,-10.1400761
8.22796583176,5.0210048,0.5491724,-10.5519554
8.24505400658,3.3146477,0.0196133,-10.4342756
8.24508094788,0.784532,-0.4903325,-10.4342756
8.26784300804,0.5295591,0.6864655,-10.2969825
8.2679309845,-1.9221034,-0.2941995,-10.3558224
8.27387285233,-6.6489087,-0.8041453,-10.8069283
8.27390789986,-6.6881353,-2.0593965,-12.3367657
8.31442499161,-1.6475172,-1.9417167,-11.8268199
8.31447982788,-4.1384063,-2.5693423,-11.571847
8.31454181671,-11.5522337,-2.745862,-11.0815145
8.31456279755,-10.7088618,-3.0792881,-10.7284751
8.35451197624,-4.0599531,-1.9809433,-10.1008495
8.35454392433,-2.9616083,-1.4906108,-9.6693569
8.35610389709,-5.6290171,-1.1964113,-9.3163175
8.35781693459,-5.9232166,-1.2944778,-8.9436648
8.39450788498,-3.2361945,-1.0002783,-8.8455983
8.39596581459,-1.4317709,-0.4314926,-8.4729456
8.39801597595,-1.8632635,-0.9414384,-8.4533323
8.39979982376,-3.334261,-0.9218251,-8.5513988
8.43446803093,-3.4911674,-1.0787315,-8.2964259
8.43590402603,-1.9024901,-0.6668522,-8.1591328
8.43748903275,-0.2745862,-0.4511059,-8.1787461
8.43959093094,0.3138128,-0.2941995,-7.8257067
8.47458600998,0.1176798,-0.3334261,-7.453054
8.47602295876,-1.0002783,-0.4118793,-7.5903471
8.47788190842,0.196133,0.2353596,-8.2768126
8.47939682007,12.0817928,1.4709975,-5.7859235
8.51996588707,34.6763144,5.1975245,-3.4323275
8.52000403404,13.2193642,1.1964113,-8.4925589
8.5200278759,5.491724,-0.1176798,-13.2782041
8.52004790306,-8.4141057,-2.5105024,-10.3165958
8.56051683426,-6.4527757,-0.8237586,-11.2580342
8.560587883,6.0212831,-1.6082906,-9.6693569
8.56064891815,9.4339973,-0.1176798,-8.9436648
8.56067490578,-0.2941995,0.1372931,-10.7088618
8.56395483017,-7.0019481,-0.8825985,-11.179581
8.56986379623,-2.4908891,-0.3530394,-9.8851032
8.58258199692,0.2745862,-0.2745862,-8.2768126
8.59238290787,3.9030467,0.7060788,-9.5909037
8.59986281395,4.0207265,0.3726527,-9.3163175
8.61642479897,3.1773546,1.372931,-9.1201845
8.62145996094,0.8433719,-0.3530394,-8.1787461
8.62987685204,3.4715541,1.1179581,-8.5121722
8.64424490929,7.2176944,1.2552512,-8.4533323
8.65365386009,7.5903471,1.0198916,-8.9240515
8.65992283821,2.9812216,0.1176798,-9.6497436
8.67257189751,1.9221034,0.5295591,-10.2185293
8.68360996246,5.491724,0.8629852,-10.0616229
8.68978691101,6.5704555,0.4511059,-9.9243298
8.7061009407,3.4127142,0.4118793,-9.4339973
8.71606898308,0.3334261,0.6080123,-9.9831697
8.72180294991,3.334261,0.4314926,-9.9635564
8.72978591919,6.0997363,0.9022118,-10.1596894
8.74553489685,2.8439285,-0.196133,-10.2577559
8.74977684021,-1.0591182,0.0980665,-10.1793027
8.762570858,0.0196133,-0.980665,-10.4538889
8.77408194542,2.2751428,-2.0593965,-10.1400761
8.77975487709,2.157463,1.1964113,-9.8262633
8.79652380943,1.765197,0.1569064,-9.9047165
8.80648088455,-1.0591182,-0.4707192,-9.9635564
8.81202697754,-8.4925589,-1.3925443,-10.787315
8.82300591469,-6.668522,-1.2552512,-10.8069283
8.83003592491,-1.0395049,-1.4906108,-10.8657682
8.83960080147,-1.765197,-1.8436502,-10.9442214
8.84959697723,-7.4726673,-1.3337044,-10.4931155
8.85944080353,-8.1395195,-2.1378497,-10.1400761
8.86974692345,-3.334261,-1.0198916,-9.610517
8.87973284721,-0.7060788,-0.3726527,-9.3947707
8.88972997665,-2.8635418,-0.196133,-9.3947707
8.89954996109,-4.6875787,-0.3726527,-9.1594111
8.90943980217,-3.8442068,-0.2745862,-8.9828914
8.91955184937,-1.6671305,-0.1765197,-9.218251
8.92927694321,-1.6475172,-0.3334261,-9.1201845
8.93965196609,-3.138128,-0.7453054,-9.218251
8.94957685471,-2.6477955,-1.1571847,-8.8848249
8.95950293541,-0.7649187,-0.4511059,-8.5513988
8.96972489357,0.5491724,-0.4903325,-8.1199062
8.97942900658,0.7060788,-0.196133,-8.3552658
8.98953580856,0.2353596,-0.7256921,-8.7475318
8.99967002869,-0.3726527,-0.2745862,-8.3552658
9.00910902023,5.5505639,-1.4906108,-6.864655
9.01910591125,31.3616667,3.0008349,-10.5127288
9.0300579071,12.5132854,2.3732093,-10.1204628
9.03911685944,1.4317709,-1.0591182,-9.0613446
9.04971599579,-14.7688149,-0.8041453,-8.1591328
9.06285881996,-4.2953127,-0.4314926,-9.5712904
9.06975388527,2.7654753,-1.1179581,-7.4334407
9.07909083366,8.433719,0.5099458,-10.2969825
9.09089589119,2.6674088,0.9022118,-9.1594111
9.1016190052,-4.4326058,-0.980665,-10.9246081
9.10945296288,-3.9618866,0.0392266,-9.8262633
9.12468481064,2.6085689,-0.1569064,-9.2574776
9.13013195992,7.6099604,-0.0784532,-8.9044382
9.1393828392,3.1969679,0.5491724,-10.198916
9.15287089348,-2.0593965,-0.2941995,-10.5127288
9.17653894424,-1.6082906,0.4314926,-9.7674234
9.20158600807,5.0406181,1.372931,-8.9240515
9.20165491104,8.0610663,1.7848103,-8.9240515
9.2016890049,5.4132708,0.0392266,-9.9635564
9.20807886124,-0.8041453,0.6080123,-9.7478101
9.21902680397,1.7259704,0.4707192,-9.7281968
9.23783683777,8.2768126,0.4314926,-9.3947707
9.23788094521,8.0806796,0.8825985,-8.8652116
9.24700880051,1.2356379,0.4118793,-10.2185293
9.25957989693,1.8240369,1.0198916,-9.8851032
9.27080082893,7.5511205,0.6080123,-9.7674234
9.27084684372,7.0411747,1.2160246,-10.0616229
9.28197097778,0.8237586,0.1765197,-10.6107953
9.29352092743,-1.2552512,0.2745862,-10.983448
9.31901192665,1.569064,-0.7256921,-10.3165958
9.31904983521,2.9223817,-0.5099458,-10.983448
9.34269595146,3.0008349,0.6472389,-10.3754357
9.34278202057,1.2356379,-0.5295591,-9.5712904
9.38308787346,-0.8825985,-0.6864655,-10.0223963
9.38349580765,-2.1378497,0.392266,-9.5712904
9.38359999657,-3.6480738,-0.8041453,-10.3165958
9.38365101814,-5.1779112,-0.3530394,-10.0616229
9.38373494148,-1.6671305,0.1176798,-10.8069283
9.3895509243,-3.8442068,-3.138128,-11.1599677
9.4065849781,-8.8455983,-1.5494507,-11.2972608
9.41894483566,-9.2574776,-3.2361945,-10.9049948
9.42596197128,-4.3933792,-1.8828768,-10.198916
9.43615889549,-3.334261,-1.96133,-9.9243298
9.45043992996,-5.8251501,-1.9024901,-9.2378643
9.46607494354,-6.9431082,-1.3925443,-9.4928372
9.47682094574,-4.0403398,-1.3140911,-9.2967042
9.47845101357,-0.7453054,-1.0002783,-9.1397978
9.48076486588,-3.0596748,-1.372931,-8.4533323
9.48908901215,-4.7464186,-1.2356379,-8.2571993
9.49910283089,-2.0593965,-0.9610517,-7.5903471
9.50906300545,2.0201699,-0.4707192,-7.0215614
9.51912403107,0.392266,-0.7649187,-6.668522
9.52933192253,-1.0395049,-1.3533177,-7.5511205
9.53975892067,1.4317709,0.0784532,-8.0610663
9.54931783676,6.5704555,-0.4118793,-6.9038816
9.55999302864,12.3956056,0.4903325,-6.2566427
9.56982398033,24.8304378,4.4522191,-16.2398124
9.57989287376,6.9627215,-1.3140911,-4.6287388
9.58935785294,3.3538743,-2.0201699,-10.8461549
9.6003010273,-5.3936575,-2.3928226,-12.160246
9.60935783386,-5.4328841,-2.0593965,-12.0621795
9.61930990219,1.2944778,-1.1964113,-10.5127288
9.6298789978,4.0403398,-2.6281822,-10.0812362
9.64008879662,0.8629852,-0.0588399,-10.2381426
9.65235495567,-4.4129925,-1.8632635,-8.1395195
9.66182494164,-2.4124359,-2.2555295,-8.3160392
9.66938495636,3.6676871,-1.0787315,-9.022118
9.68092298508,10.4735022,-0.1765197,-7.9826131
9.69092798233,5.6290171,0.9218251,-6.1585762
9.70092082024,-3.9422733,0.1372931,-7.5903471
9.71434998512,4.5306723,1.4709975,-7.2961476
9.72000694275,10.7677017,-0.784532,-8.237586
9.73015880585,8.6886919,0.7649187,-9.3555441
9.74244689941,-0.5687857,0.2745862,-10.8461549
9.74917387962,0.5491724,0.0980665,-9.7674234
9.76051902771,7.6295737,0.0784532,-9.5712904
9.77078700066,7.7276402,-1.0002783,-9.022118
9.7792289257,1.8044236,0.0,-9.8262633
9.79367184639,-0.6864655,-1.6279039,-10.0812362
9.80495500565,5.1779112,-0.7649187,-10.1204628
9.80918383598,8.0022264,-0.8041453,-9.9047165
9.81922483444,2.7066354,0.196133,-10.1596894
9.83268094063,-1.8240369,-1.0395049,-10.6304086
9.83942198753,1.2748645,0.196133,-10.198916
9.84968495369,2.1966896,0.0784532,-10.3558224
9.8610868454,2.7850886,-0.196133,-10.0420096
9.8704688549,1.3925443,0.5099458,-9.5320638
9.88394784927,-1.6279039,-0.0784532,-9.3947707
9.89497089386,-6.8842683,-2.1770763,-10.2577559
9.89942884445,-6.6489087,0.3138128,-9.6889702
9.91197896004,-0.7256921,-0.4903325,-10.9246081
9.92293381691,-0.5295591,-2.0005566,-10.8265416
9.92994785309,-6.668522,-1.1375714,-10.1596894
9.93917298317,-8.5513988,-2.1770763,-9.7281968
9.94932579994,-3.4715541,-1.0002783,-9.2770909
9.95971083641,-0.2353596,-0.6864655,-8.8063717
9.96906685829,-2.3339827,-0.8433719,-8.6886919
9.97916102409,-4.6875787,-1.0198916,-8.6690786
9.98912096024,-4.511059,-0.9218251,-8.9828914
9.99917984009,-1.6867438,-0.7256921,-9.2967042
10.0093259811,-0.980665,-1.1375714,-9.2574776
10.0198538303,-2.9027684,-1.2944778,-9.218251
10.029073,-3.3931009,-1.5494507,-9.218251
10.0400319099,-1.3140911,-1.2748645,-8.9044382
10.0497779846,0.7256921,-1.0198916,-8.825985
10.059363842,1.1571847,-1.0395049,-8.7867584
10.0700759888,0.2549729,-1.4121576,-8.7671451
10.0797708035,-1.2160246,-1.6279039,-8.9828914
10.0898909569,-0.1372931,-1.8044236,-9.7478101
10.0999479294,21.2019773,2.8047019,-14.6511351
10.109992981,28.8903909,0.8825985,-9.8654899
10.125841856,8.0610663,1.176798,-8.8652116
10.1357269287,-14.2980957,-0.7256921,-10.3558224
10.140996933,-13.4547238,-0.3334261,-10.787315
10.1540548801,-1.4317709,0.1569064,-11.8072066
10.1645538807,4.1972462,-0.7453054,-9.0613446
10.1700088978,6.0997363,0.7649187,-8.9436648
10.1827399731,0.7453054,-1.2748645,-8.8063717
10.2070589066,-4.2364728,-0.4314926,-9.7674234
10.2074878216,-0.6668522,0.2941995,-8.6886919
10.2309880257,4.6483521,-0.0784532,-8.1983594
10.2310359478,5.5113373,0.0392266,-8.5906254
10.2716329098,2.0005566,-0.3138128,-9.414384
10.2718498707,-2.2359162,-0.5295591,-9.3947707
10.2719278336,0.980665,-1.1964113,-9.7674234
10.2719578743,5.0406181,1.1179581,-10.0223963
10.2746407986,6.9431082,-0.8041453,-9.8851032
10.2844088078,4.2364728,-0.4118793,-9.7674234
10.3039000034,0.0980665,0.196133,-9.8851032
10.3039309978,4.1776329,0.0392266,-9.5124505
10.3134839535,9.4732239,0.8825985,-9.610517
10.3264608383,6.9627215,0.3334261,-9.4339973
10.3366038799,1.372931,0.588399,-9.218251
10.3493578434,2.941995,0.392266,-9.7870367
10.3604159355,7.3942141,0.6668522,-9.0809579
10.3604829311,5.7663102,0.4707192,-9.4732239
10.3714208603,0.5491724,0.1176798,-10.0616229
10.3826060295,0.3334261,0.0784532,-9.9439431
10.3938548565,3.5892339,0.1176798,-9.5712904
10.4050478935,3.6284605,-0.0588399,-10.3558224
10.4165580273,1.2944778,-0.2941995,-10.0223963
10.4287319183,-0.1176798,-0.0980665,-10.0812362
10.4333519936,-0.2745862,-0.1765197,-10.1008495
10.4390878677,-2.5889556,0.0784532,-9.3359308
10.4490208626,-7.2961476,-1.4709975,-9.9047165
10.459291935,-5.5897905,-0.5295591,-11.2776475
10.4695448875,-3.2361945,-2.9223817,-11.3168741
10.4804258347,-5.1582979,-1.4513842,-10.6107953
10.4894318581,-8.2179727,-2.4124359,-9.8262633
10.4994280338,-6.5704555,-1.4513842,-8.9828914
10.5096828938,-2.7654753,-1.0395049,-8.2964259
10.5197899342,-1.3337044,-0.5687857,-8.1787461
10.5296318531,-2.0593965,-0.1765197,-8.4925589
10.5396449566,-3.5892339,-1.0983448,-8.7475318
10.5494368076,-3.2950344,-0.7060788,-9.2378643
10.5597529411,-1.8436502,-0.784532,-9.4732239
10.569633007,-2.1378497,-1.3533177,-9.9047165
10.5796098709,-3.2950344,-1.0198916,-9.5909037
10.5893228054,-2.9616083,-1.4317709,-9.414384
10.5996539593,-0.980665,-0.7649187,-8.8848249
10.6091918945,0.6668522,-0.6472389,-9.0417313
10.6198999882,0.6276256,-0.7060788,-8.7279185
10.6296708584,0.1176798,-1.2552512,-9.2574776
10.6397109032,-0.8629852,-0.6472389,-9.2770909
10.649353981,3.0008349,-1.176798,-7.4726673
10.6597669125,6.7077486,0.196133,-8.6494653
10.6697928905,13.2193642,3.7657536,-7.2176944
10.6797559261,27.8901126,-0.6080123,-6.3350959
10.6896209717,9.414384,1.0787315,-10.4146623
10.6994428635,-2.2751428,1.4317709,-10.8853815
10.7094519138,-10.2381426,-1.4121576,-10.5127288
10.7196938992,-1.2748645,1.0002783,-10.8069283
10.7300059795,7.0215614,0.5295591,-9.5320638
10.7394649982,5.687857,0.7256921,-10.0420096
10.7524549961,-2.2751428,-0.6472389,-10.4538889
10.7596228123,-6.5900688,-0.3334261,-9.0025047
10.7693998814,-1.7848103,0.0392266,-9.2967042
10.7803628445,3.7069137,0.3726527,-7.9629998
10.7898600101,9.6693569,1.7259704,-8.3356525
10.7993638515,8.0610663,0.2941995,-9.9243298
10.8143517971,-3.0596748,-1.4709975,-6.7077486
10.8193969727,1.2160246,3.2950344,-8.629852
10.8295528889,10.7284751,1.4709975,-8.4729456
10.8426408768,8.6886919,0.8825985,-9.7281968
10.849725008,0.0980665,0.3138128,-10.7284751
10.8596060276,0.1765197,0.7649187,-10.9638347
10.8708238602,6.7077486,0.5491724,-10.3362091
10.8803899288,7.0215614,0.588399,-10.2969825
10.8895318508,2.8635418,1.2552512,-9.6497436
10.9045379162,-2.157463,0.392266,-9.9047165
10.9099059105,0.6864655,0.0980665,-9.8458766
10.9197409153,5.9428299,0.8433719,-9.5909037
10.932808876,4.4718324,0.2157463,-10.4342756
10.9398989677,0.196133,0.3726527,-10.6107953
10.9495449066,-1.5494507,0.4118793,-10.1596894
10.9610688686,-0.2353596,-0.0196133,-10.1008495
10.9694828987,0.5295591,0.6864655,-10.4146623
10.9836008549,-0.2745862,0.1176798,-10.5715687
10.994841814,-5.295591,-0.5491724,-10.9246081
11.0035078526,-5.5505639,-0.7060788,-10.9246081
11.017510891,-3.0008349,-1.8828768,-11.2776475
11.0229468346,-3.7069137,-1.2944778,-10.591182
11.0299408436,-6.8450417,-1.4317709,-10.2381426
11.0395228863,-6.668522,-1.1179581,-9.6889702
11.0494329929,-3.5892339,-0.2941995,-9.1397978
11.0596868992,-1.9809433,-0.1176798,-9.022118
11.0694220066,-2.8243152,0.0784532,-9.1790244
11.0797269344,-4.5698989,-0.4511059,-9.1790244
11.0897028446,-4.0403398,-0.6472389,-9.4928372
11.0998198986,-2.2751428,-0.8629852,-8.9828914
11.1101708412,-2.2947561,-1.0591182,-9.3359308
11.1200838089,-3.2950344,-1.1571847,-9.5516771
11.129734993,-2.8047019,-1.0395049,-9.2378643
11.1399109364,-0.4903325,-0.7256921,-8.3552658
11.1498370171,0.9414384,-0.4314926,-8.5317855
11.1596438885,1.176798,0.0588399,-8.0218397
11.1697268486,-0.1176798,0.0,-8.7671451
11.1796159744,-0.980665,-0.4314926,-9.2770909
11.1898889542,16.4359454,-1.6082906,-8.2768126
11.1993439198,26.281822,5.1779112,-3.7069137
11.2096779346,14.6903617,0.7256921,-7.8649333
11.2329628468,2.1182364,-1.5494507,-11.5914603
11.2511978149,-9.8262633,-0.7453054,-10.0420096
11.2512388229,-5.4328841,-0.1176798,-9.1005712
11.2678668499,2.1182364,-0.8825985,-8.1199062
11.2679038048,8.7867584,0.980665,-7.9041599
11.3147208691,6.5116156,1.1375714,-6.0408964
11.3150289059,-5.6682437,-1.3140911,-9.3359308
11.3150599003,-4.6679654,0.7256921,-11.6306869
11.3150830269,2.2163029,-2.2359162,-11.6110736
11.3248028755,7.1000146,0.9414384,-8.8652116
11.3412790298,3.4323275,-0.2157463,-9.5712904
11.341313839,-1.8044236,-0.5099458,-11.5914603
11.3577668667,-5.9232166,0.2353596,-9.9635564
11.3578038216,-1.3140911,-1.1179581,-10.0420096
11.4000329971,3.8442068,-0.9218251,-10.2381426
11.4000999928,5.5309506,0.7453054,-8.9828914
11.4001228809,3.1577413,-0.4707192,-9.4339973
11.4001429081,1.4121576,0.980665,-8.7083052
11.4022328854,0.8041453,1.0002783,-8.7083052
11.4156479836,7.1980811,2.4320492,-7.7864801
11.4266829491,9.8654899,0.7256921,-7.7472535
11.4357779026,4.314926,1.7455837,-9.3947707
11.4492509365,1.8828768,1.6082906,-10.198916
11.4549968243,4.2168595,0.9218251,-10.3165958
11.4637188911,5.9820565,1.3337044,-9.7478101
11.4772369862,3.92266,0.0588399,-10.5715687
11.4829599857,-0.8629852,-0.3726527,-10.7088618
11.4895048141,-1.6475172,0.1176798,-10.6304086
11.505877018,1.765197,-1.2160246,-9.9831697
11.5109429359,2.3143694,-0.3334261,-10.3754357
11.5202229023,2.0593965,0.5099458,-10.2577559
11.5298378468,1.1571847,-0.4118793,-10.0420096
11.5396878719,-5.3740442,-1.6082906,-10.591182
11.5500028133,-11.1403544,-2.0790098,-12.7290317
11.5596539974,-6.1781895,-0.2353596,-11.0815145
11.571035862,-0.9022118,-2.2359162,-11.3364874
11.5796568394,-3.9422733,-1.765197,-11.1599677
11.5897510052,-9.414384,-1.7848103,-10.4342756
11.5998849869,-7.3746008,-1.569064,-9.1594111
11.6098558903,-2.8439285,-0.7453054,-8.7279185
11.6196558475,0.4118793,-0.2549729,-8.3552658
11.6293818951,-1.4317709,0.0784532,-8.4729456
11.6393899918,-3.92266,-0.588399,-9.1986377
11.6501889229,-3.6676871,-1.4709975,-9.1201845
11.6598308086,-1.1179581,0.0588399,-9.1790244
11.6699798107,-0.9610517,-1.1179581,-9.1790244
11.6793339252,-3.138128,-0.5491724,-8.7867584
11.6896998882,-3.1773546,-1.0395049,-8.4533323
11.6999919415,-0.196133,-0.4314926,-8.1002929
11.7107338905,0.9414384,0.3334261,-8.2571993
11.7198748589,-0.0196133,-0.6668522,-8.4533323
11.7298278809,1.0395049,-0.3530394,-8.8848249
11.7398409843,3.4519408,0.4511059,-7.9433865
11.7495670319,5.3152043,0.5295591,-7.6295737
11.7595188618,4.6679654,1.5886773,-7.1196279
11.7700350285,31.38128,-2.7850886,-8.5906254
11.7795188427,18.5737951,1.1571847,-10.2969825
11.7895638943,5.1386846,1.176798,-12.5328987
11.799849987,-13.1605243,-1.2552512,-12.9251647
11.8095939159,-8.5317855,-1.7455837,-11.6306869
11.8223688602,4.1580196,0.0392266,-7.4726673
11.8323659897,9.5909037,0.6864655,-9.3555441
11.8400189877,2.1770763,-0.2941995,-9.9243298
11.8505380154,-5.3348176,-0.7453054,-9.8851032
11.8618078232,-4.6483521,-0.3138128,-9.7674234
11.8694639206,3.9618866,0.784532,-8.0610663
11.8845360279,13.2978174,2.4516625,-8.041453
11.8954849243,9.2770909,1.6082906,-9.4732239
11.899835825,-5.8055368,-1.3140911,-9.9047165
11.9094398022,-0.6472389,2.6870221,-10.3362091
11.9240000248,9.7674234,-0.4707192,-9.5516771
11.9294300079,11.0030613,1.6475172,-6.7862018
11.9399759769,-0.8825985,-0.3530394,-10.0223963
11.9519739151,-2.745862,1.8828768,-9.7674234
11.9624638557,7.0804013,0.6864655,-9.8654899
11.9699618816,9.4536106,0.5295591,-9.9439431
11.9805819988,2.9223817,1.2160246,-9.7674234
11.9914138317,-4.5502856,0.5491724,-11.3168741
11.9996418953,1.2552512,-0.392266,-10.591182
12.0144560337,6.5900688,0.392266,-10.8461549
12.0254788399,5.4132708,-0.1765197,-10.2381426
12.029914856,1.5886773,-0.4314926,-9.9831697
12.0426278114,-1.7259704,-0.2549729,-10.0223963
12.0536689758,-1.5494507,-0.1372931,-9.9439431
12.0593619347,0.1765197,-0.2353596,-10.4342756
12.0703978539,-0.8629852,-0.6472389,-10.3362091
12.0815989971,-4.3933792,-0.1569064,-11.1011278
12.0913569927,-5.6094038,-1.6671305,-11.3364874
12.0998058319,-4.0207265,-1.2356379,-10.8657682
12.1156709194,-4.3737659,-1.7259704,-10.5715687
12.1211299896,-6.276256,-1.5102241,-10.0616229
12.1295878887,-5.8643767,-1.4513842,-9.7674234
12.1400048733,-3.0204482,-1.1571847,-9.5712904
12.1495649815,-1.4906108,-0.4707192,-9.414384
12.1598138809,-2.5889556,-0.7256921,-9.2574776
12.170306921,-4.2953127,-0.784532,-8.9828914
12.1793038845,-3.5107807,-0.8629852,-9.0613446
12.1895179749,-1.7455837,-1.0002783,-8.9240515
12.2009549141,-1.9809433,-1.2748645,-8.9044382
12.2097988129,-3.3734876,-1.2160246,-9.0613446
12.220872879,-2.549729,-1.1571847,-8.629852
12.2298839092,-0.4903325,-0.7649187,-8.2964259
12.2400529385,0.3530394,-0.4903325,-8.4729456
12.2494928837,0.7256921,-0.1176798,-8.3944924
12.2598278522,-0.0784532,-0.9218251,-7.9629998
12.2722718716,-0.8825985,-0.6276256,-8.2179727
12.2795119286,0.784532,-1.7455837,-8.237586
12.2897469997,2.4516625,-0.784532,-8.5906254
12.2999808788,12.5721253,-1.5494507,-8.0022264
12.3097748756,28.0274057,1.2552512,-6.1781895
12.3195259571,10.0420096,3.3734876,-9.5516771
12.330343008,0.8825985,1.0983448,-6.5704555
12.3398180008,-7.7080269,-2.2359162,-11.5130071
12.3499829769,-4.7856452,0.0,-11.1599677
12.3628108501,4.2756994,-0.2549729,-10.9442214
12.3699679375,7.1784678,0.3726527,-9.5516771
12.3808178902,-0.3530394,-0.4511059,-9.6497436
12.3916199207,-3.6088472,-1.0198916,-9.6693569
12.3996708393,-2.745862,-0.0196133,-10.0420096
12.4146668911,1.0787315,-0.5295591,-8.6886919
12.420445919,8.1787461,0.8433719,-7.6688003
12.4297540188,8.9044382,2.1378497,-8.0610663
12.4427368641,0.4314926,-1.9809433,-8.0218397
12.4494829178,-2.0201699,1.5494507,-8.3160392
12.4598839283,8.2964259,1.0395049,-7.5511205
12.4713199139,10.9049948,0.3138128,-8.5121722
12.47961092,3.5107807,1.0002783,-9.9243298
12.4936709404,-0.1372931,-0.5295591,-10.6696352
12.5167939663,5.5309506,-0.0980665,-9.9243298
12.5168488026,9.1790244,-0.0392266,-9.9047165
12.537530899,4.8640984,0.0980665,-9.9635564
12.5635499954,-0.5491724,0.0196133,-10.2185293
12.5635910034,3.5892339,0.0,-9.80665
12.5636129379,8.0022264,0.1569064,-9.8458766
12.591370821,4.3737659,-0.0588399,-10.4735022
12.5914108753,-0.1765197,0.4118793,-10.1204628
12.5914349556,-0.8041453,-0.9414384,-9.8458766
12.6383709908,2.2163029,-0.3334261,-10.3754357
12.6384088993,2.3339827,-0.8041453,-10.5519554
12.6384320259,1.8828768,-0.0196133,-9.7085835
12.6384530067,1.0787315,0.2353596,-9.5516771
12.6556148529,-3.7853669,-1.4906108,-10.3165958
12.6556508541,-9.5909037,-2.6477955,-11.0422879
12.6757860184,-6.3743225,-1.5886773,-11.6306869
12.6759109497,-0.1569064,-2.5105024,-10.6696352
12.6808269024,-2.9027684,-1.7259704,-10.7088618
12.6808598042,-10.9049948,-2.3928226,-10.4146623
12.7274999619,-11.4345539,-2.6281822,-9.9439431
12.7275409698,-4.5698989,-1.7848103,-9.7281968
12.7293000221,1.2356379,-2.1378497,-9.2770909
12.7313330173,-3.8442068,-1.1179581,-8.825985
12.7664978504,-7.1392412,-1.9809433,-8.5317855
12.7684969902,-5.5701772,-2.2555295,-8.5906254
12.7707448006,0.2353596,-1.3533177,-8.0610663
12.7722949982,1.7063571,-1.5494507,-8.1591328
12.806470871,-2.1770763,-0.8041453,-8.0022264
12.8084158897,-2.5105024,-1.8044236,-6.8254284
12.8102359772,-0.5491724,-0.8041453,-7.5315072
12.8122968674,0.1765197,-0.9218251,-7.4726673
12.8465030193,1.4906108,-1.1375714,-8.041453
12.8482618332,4.7660319,-0.4903325,-7.649187
12.8506958485,5.687857,-0.0784532,-7.4726673
12.8526439667,4.0599531,0.3138128,-7.4334407
12.8864300251,11.4345539,1.3925443,-5.0406181
12.8879439831,23.9478393,0.5491724,-4.9621649
12.8902208805,10.4342756,0.3530394,-11.5326204
12.8905749321,-3.1577413,-0.6472389,-9.3163175
12.9308648109,-9.8654899,-1.1375714,-11.9248864
12.9309458733,-4.6091255,-1.0198916,-8.825985
12.9309709072,5.4721107,-0.7256921,-9.3555441
12.9309909344,3.8834334,-2.157463,-9.4928372
12.9369139671,0.8433719,-0.1372931,-10.2969825
12.9429819584,-3.2950344,-3.0008349,-9.6889702
12.9544658661,-0.8041453,-1.6671305,-9.7674234
12.9657728672,3.4323275,-0.5491724,-10.002783
12.9706737995,9.0025047,0.8041453,-7.9433865
12.979954958,5.9036033,1.3925443,-7.5707338
12.9939568043,-2.9027684,1.0787315,-7.256921
13.0044629574,5.0798447,2.0790098,-7.6884136
13.0104858875,11.179581,-0.8629852,-8.041453
13.0218558311,5.9036033,1.8044236,-8.629852
13.0330979824,-0.9610517,0.8825985,-10.0812362
13.0395989418,1.8044236,0.392266,-10.3754357
13.0500359535,6.9431082,0.0392266,-10.0616229
13.061383009,5.687857,-0.3530394,-9.9439431
13.0717029572,1.6279039,-0.8629852,-10.0223963
13.079761982,-1.3925443,-0.9610517,-10.591182
13.0944340229,2.8047019,-0.7649187,-10.5127288
13.1050839424,6.0605097,2.353596,-10.4342756
13.1113770008,4.3933792,-0.392266,-10.1008495
13.1228208542,-1.5102241,-0.0784532,-10.6696352
13.1343300343,-1.9024901,-0.4314926,-10.2185293
13.1397309303,0.9414384,-0.6276256,-10.1008495
13.1513710022,3.3146477,0.7256921,-9.2378643
13.1624078751,-0.0196133,0.5491724,-10.5127288
13.1727538109,-8.3356525,-1.0395049,-10.2969825
13.1794569492,-8.0218397,-1.5102241,-10.9246081
13.1907799244,-1.4513842,-1.176798,-11.0226746
13.2025709152,-1.1571847,-1.6867438,-10.5127288
13.2098278999,-6.9431082,-0.9610517,-10.2381426
13.2246890068,-9.1005712,-2.157463,-9.7478101
13.2302179337,-3.8638201,-0.392266,-9.1594111
13.2396810055,-0.3334261,-0.1176798,-8.9828914
13.2496869564,-1.176798,0.3726527,-8.6102387
13.259428978,-4.9621649,0.8433719,-9.0809579
13.2694299221,-5.099458,-0.392266,-8.8455983
13.2796399593,-2.0986231,-0.0784532,-9.4339973
13.2965948582,-0.6864655,0.0,-9.4732239
13.2996308804,-3.1577413,-1.0002783,-9.5712904
13.3094258308,-4.7660319,-1.1375714,-10.0420096
13.3199059963,-1.6671305,-1.0787315,-9.1201845
13.3296170235,1.2160246,-0.6472389,-8.8652116
13.3393828869,1.372931,0.1372931,-9.2574776
13.3496758938,-0.0588399,-0.2353596,-10.0223963
13.3596308231,-1.6082906,-0.3530394,-9.3751574
13.369946003,1.765197,-0.1569064,-7.2176944
13.379899025,6.8450417,1.0198916,-8.3944924
13.389868021,18.5149552,0.5099458,-7.9237732
13.4004919529,29.812216,0.6472389,-8.4729456
13.4099969864,11.1599677,3.0008349,-10.4146623
13.4213299751,-1.6279039,-0.7060788,-11.8072066
13.4328448772,-9.3555441,0.1569064,-8.9240515
13.4395530224,-2.5301157,0.8825985,-9.6889702
13.455313921,5.1386846,0.5295591,-11.0422879
13.4665908813,7.4138274,1.3533177,-9.4339973
13.4715688229,0.0588399,-0.6276256,-8.629852
13.4798719883,-5.7859235,-0.7256921,-9.0809579
13.4948689938,-2.9616083,0.2353596,-9.8458766
13.5053668022,3.7069137,-0.1765197,-8.2768126
13.5115559101,7.1000146,1.0395049,-9.610517
13.5230238438,4.3345393,2.4712758,-9.7085835
13.5344648361,-0.784532,-0.1372931,-9.7870367
13.5395169258,-2.6870221,0.9022118,-9.6693569
13.549489975,4.3933792,1.3337044,-8.7671451
13.5625529289,7.8649333,1.3140911,-8.6886919
13.5705268383,3.3146477,0.5687857,-9.2967042
13.5797359943,-0.4314926,1.0591182,-9.4536106
13.6097829342,4.0795664,0.5295591,-9.2967042
13.6098430157,8.3748791,1.6279039,-9.1594111
13.6340529919,5.3544309,0.8825985,-9.3359308
13.6344280243,0.4314926,1.0198916,-9.7085835
13.6779489517,2.1770763,0.6864655,-10.002783
13.6779828072,6.4135491,0.8433719,-9.6497436
13.6780059338,6.3939358,0.8825985,-9.9243298
13.6780259609,2.1966896,0.5099458,-9.9243298
13.6964159012,-1.372931,-0.1176798,-10.0223963
13.6964449883,0.8629852,-0.0784532,-10.0420096
13.7217428684,1.765197,0.2353596,-10.8069283
13.7218608856,2.5301157,0.784532,-9.7478101
13.7218899727,1.5886773,0.4707192,-9.2574776
13.7386479378,-4.9621649,-1.7455837,-9.610517
13.738683939,-11.0226746,-1.7063571,-10.8853815
13.740778923,-5.4328841,-0.4314926,-12.2386992
13.7504580021,0.0392266,-2.3339827,-10.3754357
13.7604699135,-5.9624432,-2.0005566,-10.5127288
13.7696249485,-13.1801376,-2.7066354,-10.5323421
13.7799170017,-9.5516771,-3.138128,-9.8851032
13.7896018028,-4.0207265,-1.7455837,-9.3947707
13.7998878956,-2.7654753,-1.6867438,-9.414384
13.8103950024,-5.9036033,-1.0198916,-9.3163175
13.8195819855,-6.7665885,-1.4906108,-8.5906254
13.8299689293,-3.6676871,-1.0787315,-8.4925589
13.8397359848,-1.6279039,-0.8825985,-8.5906254
13.8496129513,-2.6674088,-1.176798,-8.6494653
13.8598108292,-3.4323275,-1.2748645,-8.6690786
13.8703160286,-2.4908891,-1.2552512,-8.5710121
13.8798308372,-0.4903325,-0.5491724,-8.237586
13.8895428181,0.7649187,-0.6472389,-8.1395195
13.8995518684,0.6276256,-0.2941995,-9.0025047
13.9095308781,-0.7256921,-0.1569064,-8.7671451
13.9200809002,-0.7649187,0.196133,-7.9237732
13.9298098087,4.0991797,0.0980665,-7.4726673
13.940294981,8.1395195,0.588399,-6.2958693
13.9499540329,5.6682437,-1.0198916,-6.8058151
13.9600498676,15.4356671,3.726527,-6.472389
13.970168829,26.5564082,1.9024901,-9.6693569
13.979765892,11.1207411,1.9221034,-11.375714
13.9949889183,1.1964113,1.569064,-12.6309652
14.0005228519,-5.8643767,-0.7256921,-13.0036179
14.0100238323,-0.4314926,0.980665,-10.0616229
14.0234978199,3.0989014,-1.8632635,-8.8652116
14.0339689255,5.2367511,0.4314926,-10.198916
14.0399699211,2.5889556,-1.0787315,-9.1397978
14.0514760017,1.0787315,-0.6276256,-10.8657682
14.0630319118,-0.1176798,0.5099458,-10.3165958
14.0700359344,3.6088472,-0.392266,-9.610517
14.0855438709,6.080123,0.980665,-9.3947707
14.0964789391,2.6674088,-0.0980665,-9.9831697
14.1011929512,-0.4118793,0.6864655,-10.3362091
14.1096899509,0.3138128,0.1372931,-10.4931155
14.1250758171,2.5889556,-0.4903325,-9.8458766
14.130687952,3.9814999,0.6276256,-9.5124505
14.1403748989,3.334261,0.6472389,-8.629852
14.1510360241,1.1571847,0.2745862,-10.1204628
14.1624310017,0.4314926,0.588399,-9.3163175
14.172688961,4.0795664,1.372931,-9.2967042
14.1797988415,5.6682437,0.8433719,-9.218251
14.190931797,2.1770763,0.7649187,-9.7085835
14.2024199963,-0.392266,0.6472389,-10.2577559
14.2099308968,0.6276256,0.2745862,-10.6107953
14.2247469425,1.7455837,0.4314926,-10.591182
14.2365198135,1.6279039,0.3530394,-10.2577559
14.2409110069,1.2748645,0.2549729,-10.3558224
14.249835968,0.0784532,0.1569064,-10.1008495
14.2645008564,-1.3140911,-0.2549729,-10.4146623
14.2744429111,-5.1190713,-1.3925443,-10.5519554
14.2808558941,-4.4718324,-2.0005566,-11.1403544
14.2926278114,-0.0196133,0.0784532,-11.1991943
14.300536871,-1.2356379,-2.1966896,-11.0226746
14.3166208267,-6.5312289,-0.9022118,-10.1400761
14.3199279308,-7.2765343,-2.3143694,-9.7870367
14.3303558826,-4.2560861,-1.3533177,-9.7478101
14.3403208256,-0.7256921,-0.8433719,-9.2967042
14.3499808311,-2.0005566,-1.0395049,-9.3359308
14.3597989082,-4.3541526,-0.4511059,-9.1594111
14.3698439598,-3.7461403,-1.2356379,-9.1397978
14.379529953,-1.3925443,-0.9022118,-8.5513988
14.3903369904,-1.4906108,-1.2748645,-9.5516771
14.4003858566,-3.2165812,-1.176798,-8.9240515
14.4100778103,-2.9027684,-1.3925443,-9.0417313
14.419508934,-0.7060788,-0.7060788,-8.7083052
14.4296309948,0.4903325,-0.6864655,-8.3552658
14.4401228428,0.9022118,-0.8825985,-8.2964259
14.4495038986,-0.1569064,-1.5494507,-8.825985
14.4594700336,-1.3140911,-0.6276256,-8.1787461
14.4700479507,-0.2549729,-1.1964113,-9.3947707
14.4797677994,1.176798,-1.3337044,-9.4928372
14.4897010326,5.7466969,-0.4707192,-8.3552658
14.49969697,15.6121868,2.353596,-6.2566427
14.5099718571,27.8704993,1.7259704,-5.3152043
14.5197188854,7.0019481,0.196133,-9.7281968
14.5294809341,-0.7256921,1.7848103,-13.3762706
14.5400078297,-2.5889556,0.0,-9.7674234
14.5499689579,-0.2353596,0.7453054,-10.0812362
14.5629630089,1.8828768,-0.8825985,-10.1204628
14.5697488785,3.3538743,0.0588399,-10.002783
14.5856997967,1.0983448,-1.372931,-9.610517
14.5959370136,-0.4707192,-1.9221034,-9.4928372
14.6014268398,-0.5099458,-1.5298374,-9.4928372
14.6145088673,-0.2549729,-0.980665,-9.4536106
14.6249499321,1.0983448,-0.7453054,-8.4729456
14.6299438477,6.3350959,0.392266,-7.8060934
14.6424729824,6.7273619,1.1964113,-7.453054
14.6536679268,0.0392266,0.8825985,-7.6688003
14.6597259045,3.8245935,2.6674088,-7.3942141
14.6766419411,8.9632781,0.392266,-7.3942141
14.6867549419,6.276256,0.2745862,-9.4732239
14.6915929317,1.1179581,0.3138128,-9.5712904
14.7045779228,2.0201699,-0.0980665,-10.4931155
14.7156698704,5.2171378,-0.5687857,-10.2577559
14.7208259106,4.903325,-0.8041453,-9.7085835
14.730932951,0.980665,-0.5295591,-10.0616229
14.7439239025,-0.1176798,-1.6082906,-10.5519554
14.7535789013,3.138128,-1.7063571,-10.0812362
14.7609238625,4.3737659,-0.0392266,-10.2969825
14.7720499039,0.2549729,-1.4709975,-10.2969825
14.7825398445,-1.0395049,-0.2941995,-10.2381426
14.7900338173,-0.1176798,-0.2549729,-10.0616229
14.8059790134,0.1569064,-0.588399,-10.1793027
14.8167350292,-3.9030467,-1.8044236,-9.610517
14.8215909004,-6.2370294,-1.176798,-10.4735022
14.8340089321,-4.314926,-2.3143694,-11.3168741
14.8454749584,-3.9422733,-1.9024901,-11.1011278
14.8506679535,-5.9036033,-1.9417167,-10.395049
14.8603789806,-6.8058151,-2.0593965,-9.8262633
14.8695960045,-5.0602314,-1.2944778,-9.3555441
14.8799519539,-1.9809433,-1.5298374,-9.0613446
14.8895008564,-1.0198916,-0.9218251,-8.629852
14.8998699188,-2.549729,-1.5494507,-8.4729456
14.9097878933,-3.5500073,-1.8044236,-9.2574776
14.9195280075,-2.4516625,-1.6279039,-8.7867584
14.9295909405,-1.5494507,-1.8828768,-8.7279185
14.9399888515,-2.4320492,-1.8632635,-8.5513988
14.9494659901,-3.1773546,-1.7455837,-8.6494653
14.9597029686,-1.9809433,-1.0591182,-8.4141057
14.9694378376,-0.196133,-0.9218251,-8.1787461
14.9794378281,0.7256921,-0.4903325,-8.4925589
14.9894399643,0.588399,-0.7453054,-8.7671451
14.9996747971,-0.4707192,-0.8433719,-8.8063717
15.0096898079,-0.8041453,-0.4511059,-8.5513988
15.0194108486,2.1770763,-1.6082906,-8.3160392
15.0296628475,6.864655,-0.4118793,-7.9041599
15.0397379398,6.0016698,-0.3334261,-7.5511205
15.0494098663,0.4118793,1.8240369,-6.2174161
15.0596179962,30.0868022,2.7066354,-3.8049802
15.0710558891,17.1027976,1.2748645,-10.4342756
15.0791378021,2.4124359,0.8237586,-9.9243298
15.0911509991,-4.4129925,-1.8044236,-9.3947707
15.0991308689,-1.4906108,0.3334261,-9.9831697
15.113904953,2.157463,-0.3726527,-10.6696352
15.1239168644,6.6881353,0.4707192,-10.7284751
15.1301448345,6.4920023,1.2160246,-9.5712904
15.1421480179,0.4314926,-1.3925443,-8.9632781
15.152671814,-2.0790098,0.2549729,-8.4729456
15.1598858833,2.5889556,-0.3530394,-9.2378643
15.1704638004,7.4726673,0.2941995,-9.1594111
15.1818389893,3.8245935,-0.1176798,-9.7085835
15.1897258759,-1.8240369,-0.4314926,-10.198916
15.2046840191,-0.0588399,-0.0980665,-10.6107953
15.2154588699,3.6284605,-0.9218251,-11.1403544
15.220099926,5.1975245,0.7649187,-9.9439431
15.2318549156,4.3345393,0.4511059,-8.8848249
15.2397940159,-0.4707192,-0.0784532,-9.8458766
15.2512729168,0.0196133,0.2157463,-9.7870367
15.2625658512,5.6094038,0.4707192,-9.414384
15.2692677975,6.0016698,0.784532,-9.2378643
15.2850859165,2.157463,0.2353596,-9.7870367
15.2957978249,-1.0198916,0.2941995,-10.2185293
15.3017368317,1.5102241,-0.0980665,-10.3558224
15.3138518333,2.941995,-0.0196133,-10.0812362
15.3342638016,1.9417167,0.7256921,-10.1793027
15.3347899914,0.980665,0.2353596,-9.9047165
15.3480069637,0.588399,-1.0395049,-9.5712904
15.3680608273,-1.3140911,-0.1569064,-9.8458766
15.3681030273,-4.0403398,-1.1571847,-10.198916
15.3843398094,-4.7660319,-1.96133,-11.2384209
15.3849380016,0.1372931,-0.3726527,-9.8262633
15.422659874,-0.3138128,-2.353596,-10.2969825
15.4226958752,-6.0212831,-1.372931,-10.002783
15.4227650166,-7.9237732,-2.6085689,-10.0420096
15.4227888584,-3.4127142,-1.765197,-9.7478101
15.4625689983,-0.8237586,-1.8240369,-9.5124505
15.4626348019,-3.7069137,-1.6671305,-9.5909037
15.4642159939,-5.5113373,-1.8632635,-9.2574776
15.4660599232,-3.1577413,-1.6671305,-8.5513988
15.5026919842,-1.1179581,-1.3533177,-8.629852
15.5041890144,-1.372931,-1.8828768,-8.4729456
15.5060169697,-3.1773546,-1.3337044,-8.5317855
15.507463932,-2.7262487,-1.6867438,-8.6886919
15.5426149368,-0.2549729,-1.0787315,-8.5906254
15.5442228317,0.7256921,-1.0395049,-8.7083052
15.5460050106,0.7060788,-0.196133,-8.4533323
15.5478389263,-0.0392266,-1.4121576,-8.4729456
15.5826468468,-1.0395049,-0.4511059,-8.7279185
15.5841839314,-0.196133,-1.2356379,-9.5320638
15.5857589245,0.9022118,-0.9414384,-9.1005712
15.5875248909,5.0013915,-0.6864655,-8.2179727
15.6226718426,8.237586,-0.8237586,-7.8649333
15.6242280006,27.850886,0.7060788,-9.4536106
15.626157999,26.8309944,2.941995,-11.1207411
15.6262228489,6.472389,1.8828768,-10.8657682
15.6750738621,0.3726527,0.2549729,-9.7674234
15.675112009,-3.6284605,-0.1569064,-9.4536106
15.6751329899,-1.6867438,0.5491724,-10.4342756
15.675151825,1.6082906,-0.8237586,-9.4732239
15.6772739887,3.8638201,1.1375714,-9.8458766
15.6975448132,1.9024901,0.1569064,-9.9047165
15.6976139545,-1.0591182,-0.6080123,-9.2967042
15.7148468494,-2.1770763,0.1569064,-9.8458766
15.7150290012,-0.5687857,-0.1569064,-9.8851032
15.7642409801,1.8044236,0.2745862,-9.2967042
15.7642698288,6.864655,1.765197,-8.5317855
15.7642939091,8.1983594,1.8436502,-7.7472535
15.7646310329,-0.196133,0.3530394,-10.3165958
15.7705798149,-0.5491724,2.2555295,-8.7083052
15.7879619598,8.5513988,1.6082906,-8.9436648
15.7879929543,9.7674234,1.0198916,-8.9436648
15.8044028282,2.9616083,1.0787315,-9.9831697
15.8047459126,-0.980665,0.5491724,-10.6304086
15.858702898,4.7856452,0.7649187,-10.1596894
15.8587369919,7.649187,0.7256921,-9.8458766
15.8587589264,4.6875787,0.7256921,-9.7674234
15.8587918282,-2.0397832,0.2157463,-10.2773692
15.8641798496,-1.2944778,-0.4707192,-10.6304086
15.8869328499,2.2751428,0.1176798,-10.9246081
15.886964798,4.511059,0.392266,-10.2773692
15.9096548557,2.6085689,0.8041453,-9.9243298
15.9097177982,0.1569064,-0.3726527,-10.0812362
15.9097409248,-3.0204482,-0.5491724,-10.6304086
15.9316439629,-7.1196279,-1.7259704,-10.787315
15.9316749573,-4.3541526,0.6080123,-12.4544455
15.9546198845,0.6080123,0.0784532,-10.7677017
15.9546899796,-2.9616083,-3.5107807,-11.5130071
15.9963068962,-10.5519554,-0.7060788,-11.2972608
15.9966928959,-11.8268199,-3.6480738,-10.8657682
15.9967617989,-4.0795664,-0.4511059,-10.2185293
15.9967939854,-1.8436502,-1.5298374,-10.1204628
16.004201889,-7.0411747,-0.0196133,-9.8458766
16.0162730217,-8.6494653,-0.6864655,-9.7085835
16.0244848728,-5.3348176,-1.0198916,-9.6693569
16.0256779194,0.196133,0.5099458,-8.4925589
16.0298478603,-1.0002783,-0.6080123,-8.5121722
16.0401818752,-3.9422733,-0.0588399,-7.256921
16.0498209,-1.4709975,-0.2745862,-6.9823348
16.0597968102,0.0,-0.3726527,-7.5511205
16.06980896,0.0196133,-0.7649187,-7.5118939
16.0801839828,1.9024901,0.7649187,-8.4925589
16.0900878906,4.9229383,0.8041453,-7.5903471
16.1003148556,5.0602314,0.6864655,-7.060788
16.1098070145,2.6085689,1.2748645,-7.1784678
16.1197669506,4.4129925,1.1179581,-7.6688003
16.1297619343,6.0016698,0.4511059,-8.6886919
16.1400899887,4.9621649,-0.4314926,-8.8455983
16.1505479813,25.8699427,-0.9022118,-7.9433865
16.1597390175,18.2011424,0.4707192,-8.0610663
16.1698298454,-0.392266,-1.5298374,-13.8077632
16.1798858643,-13.5135637,-2.2359162,-13.4939504
16.190322876,-9.6301303,-0.4314926,-13.7489233
16.2030358315,8.5513988,-1.9221034,-8.7475318
16.2103118896,6.4135491,0.8433719,-7.5707338
16.2197349072,-1.8632635,2.0790098,-7.7080269
16.2314958572,-3.5696206,0.3530394,-7.4138274
16.2415709496,3.4715541,3.0204482,-5.5113373
16.2502269745,7.3746008,1.9024901,-7.0019481
16.2652108669,3.8834334,0.7649187,-8.3748791
16.2746880054,0.5099458,1.3140911,-9.9439431
16.2806198597,1.6082906,0.4903325,-10.983448
16.2929239273,4.0403398,0.0980665,-11.4149406
16.3036909103,5.2759777,0.9022118,-11.4737805
16.3134589195,5.1386846,0.392266,-10.2185293
16.3263688087,1.0002783,0.980665,-9.8851032
16.3318989277,0.8825985,0.5295591,-9.4928372
16.3399398327,5.0013915,0.7256921,-8.825985
16.3501880169,6.7469752,1.0002783,-8.8063717
16.3599259853,2.8243152,0.2157463,-9.4732239
16.3701679707,0.0196133,0.0196133,-9.9439431
16.3803019524,1.765197,0.0,-10.1204628
16.3899319172,2.8635418,0.2549729,-10.395049
16.3998668194,2.4124359,-0.1176798,-10.4146623
16.4105119705,1.6082906,-0.1765197,-10.3558224
16.420085907,1.4513842,-0.3530394,-10.2773692
16.429831028,0.784532,0.1176798,-10.3362091
16.4398739338,-0.2549729,-0.2549729,-9.9439431
16.4498639107,0.8433719,-0.588399,-9.5712904
16.4598419666,2.1182364,-0.2549729,-9.5712904
16.469825983,1.0395049,-0.8629852,-9.9047165
16.4801688194,0.0196133,-0.2745862,-9.9635564
16.4906859398,0.1569064,-0.7453054,-9.8262633
16.5006809235,0.5687857,-0.2745862,-9.5712904
16.5104408264,0.7060788,-0.7060788,-9.7281968
16.5204799175,0.7453054,-0.3334261,-9.3947707
16.5302569866,0.4903325,-0.6080123,-9.2770909
16.5403540134,0.1372931,-0.3726527,-9.2770909
16.550593853,-0.1569064,-0.588399,-9.6301303
16.5604879856,-0.7256921,-0.6276256,-9.9047165
16.570524931,-1.0787315,-0.9022118,-9.9243298
16.5800619125,-0.7060788,-1.3533177,-9.8262633
16.5902469158,0.8433719,-0.7060788,-9.3555441
16.6000869274,0.7453054,-1.3140911,-9.6497436
16.6107208729,-1.0395049,-1.0983448,-9.414384
16.6200640202,-1.0002783,-1.2552512,-9.3163175
16.6300640106,-0.9022118,-1.4121576,-9.610517
16.6401050091,-0.1176798,-0.4903325,-9.6693569
16.650564909,-0.0196133,-1.3140911,-9.8458766
16.6600279808,0.196133,-0.2745862,-9.9047165
16.6700179577,-0.0980665,-1.0983448,-9.8458766
16.6804978848,-0.2353596,-0.4707192,-9.7674234
16.6899778843,-0.4118793,-0.6276256,-9.8262633
16.7000579834,-0.4903325,-0.6668522,-9.7674234
16.7103638649,-0.3530394,-0.3138128,-9.8654899
16.7204988003,-0.5099458,-0.5491724,-9.8654899
16.730576992,-0.4314926,-0.2745862,-9.8851032
16.7399818897,-0.4903325,-0.6472389,-9.9439431
16.7505278587,-0.196133,-0.1372931,-9.9047165
16.7604029179,-0.0588399,-0.5295591,-9.8262633
16.7704279423,-0.3530394,-0.1372931,-9.6497436
16.7802758217,-0.5295591,-0.2941995,-9.5516771
16.7901949883,-0.4511059,-0.2745862,-9.610517
16.8007059097,-0.7256921,-0.6668522,-9.7478101
16.8099119663,-0.5491724,-0.4314926,-9.4928372
16.8199119568,-0.5687857,-0.7453054,-9.8262633
16.8301258087,-0.392266,-0.2549729,-10.0223963
16.83989501,-0.5491724,-0.9022118,-9.5516771
16.8501307964,-0.5099458,-0.6276256,-9.4732239
16.8601219654,-0.6668522,-0.4707192,-10.3754357
16.8704240322,-0.7453054,-0.5687857,-9.8458766
16.880147934,-0.6276256,-0.8433719,-10.1204628
16.8898739815,-0.8041453,-1.0787315,-9.5712904
16.8998808861,-0.980665,-0.588399,-9.4339973
16.9104559422,-1.2160246,-0.5687857,-9.5516771
16.9201278687,-0.9022118,-0.6472389,-9.6497436
16.9300868511,-1.0591182,-0.6080123,-9.8262633
16.9400479794,-1.569064,-0.784532,-9.7281968
16.9502809048,-1.7848103,-0.9218251,-9.8654899
16.9598689079,-1.6867438,-1.0591182,-9.7674234
16.9701178074,-1.372931,-1.0198916,-9.5712904
16.9805970192,-1.3925443,-0.9022118,-9.5712904
16.9909768105,-1.6475172,-1.0395049,-9.6497436
17.0001428127,-1.7455837,-1.0002783,-9.6889702
17.0100948811,-1.6082906,-1.0198916,-9.6693569
17.020772934,-1.3533177,-1.0198916,-9.7281968
17.0301799774,-1.4906108,-1.0395049,-9.6497436
17.0410900116,-1.8240369,-1.1571847,-9.7085835
17.0506529808,-1.96133,-1.0983448,-9.7478101
17.0610308647,-1.7455837,-0.9610517,-9.6889702
17.0700719357,-1.4513842,-0.9218251,-9.5320638
17.0808899403,-1.5298374,-0.8629852,-9.6301303
17.0908069611,-2.0201699,-0.9610517,-9.414384
17.1002838612,-1.9024901,-0.9414384,-9.5320638
17.1100199223,-1.4317709,-1.0787315,-9.5712904
17.1202750206,-1.2944778,-0.8237586,-9.7478101
17.1303830147,-1.6279039,-0.784532,-9.6301303
17.1410748959,-1.8436502,-0.784532,-9.610517
17.1509318352,-1.7063571,-0.8237586,-9.80665
17.1608879566,-1.4513842,-0.8041453,-10.002783
17.1710209846,-1.6475172,-0.8433719,-9.8654899
17.1801879406,-1.6671305,-0.6864655,-9.6301303
17.1900010109,-1.7455837,-0.7256921,-9.5320638
17.2000210285,-1.8436502,-0.5687857,-9.5320638
17.2110219002,-1.7848103,-0.5295591,-9.5516771
17.2201969624,-1.9417167,-0.588399,-9.4928372
17.2300128937,-2.1378497,-0.7060788,-9.610517
17.2409808636,-2.157463,-0.9218251,-9.6693569
17.2499480247,-2.1966896,-0.8433719,-9.7478101
17.2599539757,-2.1966896,-0.9218251,-9.5712904
17.2701859474,-2.1182364,-1.0198916,-9.6889702
17.2804489136,-2.2163029,-1.0198916,-9.4928372
17.2899839878,-2.3928226,-0.980665,-9.4928372
17.3037228584,-2.2359162,-1.1179581,-9.6301303
17.3145229816,-2.1966896,-1.1375714,-9.5124505
17.3201680183,-2.2359162,-1.1179581,-9.5124505
17.3307008743,-2.2555295,-1.1179581,-9.5124505
17.3440380096,-2.4908891,-1.0787315,-9.4536106
17.3512628078,-2.4320492,-1.0198916,-9.4536106
17.3600878716,-2.2163029,-0.9218251,-9.5516771
17.3727829456,-2.0593965,-0.9022118,-9.5516771
17.3803219795,-2.2555295,-1.0591182,-9.5320638
17.3960459232,-2.353596,-1.0591182,-9.6693569
17.4015808105,-2.2163029,-1.2356379,-9.6693569
17.4100699425,-1.8436502,-1.0983448,-9.6693569
17.4200479984,-1.9417167,-1.1179581,-9.7085835
17.4300949574,-2.1966896,-1.0591182,-9.6301303
17.4401228428,-2.4124359,-1.176798,-9.3947707
17.4500608444,-2.1378497,-0.9610517,-9.4339973
17.4661548138,-2.0005566,-1.0002783,-9.3163175
17.474752903,-2.1770763,-0.9022118,-9.3359308
17.4865248203,-2.5693423,-1.0002783,-9.5516771
17.4901058674,-2.4320492,-1.0395049,-9.3555441
17.5001969337,-2.1182364,-0.8825985,-9.4339973
17.5100178719,-1.96133,-0.9414384,-9.3947707
17.5201058388,-2.353596,-1.0002783,-9.6693569
17.5303459167,-2.4124359,-0.9610517,-9.8262633
17.5400509834,-2.1378497,-1.0002783,-9.7085835
17.5504169464,-2.0593965,-0.9022118,-9.8851032
17.5603089333,-2.3339827,-1.0395049,-9.5320638
17.5706608295,-2.4320492,-0.980665,-9.5124505
17.5799789429,-2.2751428,-1.1571847,-9.4928372
17.5904560089,-2.1182364,-1.0198916,-9.3555441
17.6005899906,-2.3339827,-1.3337044,-9.5124505
17.6106178761,-2.6477955,-1.1375714,-9.3359308
17.6199347973,-2.4712758,-1.1571847,-9.4732239
17.6304659843,-2.2947561,-1.1571847,-9.4339973
17.6402058601,-2.3143694,-1.1571847,-9.3947707
17.6499209404,-2.5889556,-1.3337044,-9.414384
17.6598758698,-2.6281822,-1.372931,-9.5516771
17.669878006,-2.5105024,-1.3925443,-9.4928372
17.6799349785,-2.2163029,-1.3925443,-9.5320638
17.6901288033,-2.3143694,-1.2552512,-9.5712904
17.7003998756,-2.745862,-1.176798,-9.6301303
17.7099239826,-2.6477955,-1.0787315,-9.5320638
17.7198548317,-2.0986231,-1.3925443,-9.6693569
17.7305920124,-2.1966896,-1.1179581,-9.4928372
17.7398498058,-2.6085689,-1.0787315,-9.2574776
17.7501189709,-2.4908891,-1.2160246,-9.6693569
17.7603449821,-2.3732093,-1.2944778,-9.4339973
17.7711029053,-2.1966896,-1.176798,-9.4928372
17.7804369926,-2.3732093,-1.2160246,-9.4928372
17.7901628017,-2.5889556,-1.1179581,-9.4732239
17.8000998497,-2.6281822,-1.1375714,-9.3751574
17.8101489544,-2.6477955,-1.0591182,-9.3751574
17.8198618889,-2.6281822,-1.0198916,-9.3555441
17.8300569057,-2.7066354,-1.0591182,-9.3751574
17.8405718803,-2.7850886,-1.0395049,-9.4732239
17.8502569199,-2.7654753,-1.0983448,-9.4339973
17.8601419926,-2.4908891,-1.1964113,-9.3163175
17.8704018593,-2.5105024,-1.1375714,-9.5320638
17.8807079792,-2.6870221,-1.3533177,-9.610517
17.8906579018,-2.6477955,-1.3140911,-9.5909037
17.9007639885,-2.5693423,-1.2944778,-9.4928372
17.910022974,-2.7066354,-1.2944778,-9.3359308
17.9200568199,-2.7262487,-1.2748645,-9.3947707
17.9300730228,-2.6870221,-1.2944778,-9.4536106
17.9399847984,-2.7654753,-1.2552512,-9.3359308
17.9511358738,-2.6870221,-1.3140911,-9.2967042
17.96062994,-2.6477955,-1.2944778,-9.3947707
17.9700198174,-2.6870221,-1.2748645,-9.4339973
17.9799928665,-2.6477955,-1.2356379,-9.4732239
17.9909439087,-2.4908891,-1.2160246,-9.3555441
18.0004248619,-2.6085689,-1.1964113,-9.3751574
18.0101020336,-2.7262487,-1.176798,-9.3751574
18.0200870037,-2.745862,-1.2356379,-9.3163175
18.0308308601,-2.549729,-1.1179581,-9.4536106
18.0399348736,-2.3339827,-1.0983448,-9.4536106
18.0500118732,-2.4516625,-1.176798,-9.4339973
18.0604109764,-2.8831551,-1.1571847,-9.3555441
18.0699429512,-2.745862,-1.1571847,-9.3163175
18.0799398422,-2.4516625,-1.176798,-9.3359308
18.0906648636,-2.6281822,-1.2552512,-9.414384
18.1001758575,-3.0008349,-1.2944778,-9.3555441
18.1107859612,-2.941995,-1.2748645,-9.2967042
18.1199059486,-2.7262487,-1.2944778,-9.2770909
18.129983902,-2.6085689,-1.2356379,-9.218251
18.1409358978,-2.8831551,-1.4709975,-9.1790244
18.1499509811,-3.0204482,-1.3925443,-9.2967042
18.1601548195,-2.8831551,-1.4317709,-9.2967042
18.1698749065,-2.941995,-1.4513842,-9.2967042
18.1798639297,-3.0204482,-1.4317709,-9.414384
18.1899089813,-3.0596748,-1.372931,-9.4732239
18.2004408836,-3.0008349,-1.3140911,-9.414384
18.2106218338,-2.941995,-1.2552512,-9.3751574
18.2207529545,-2.9616083,-1.176798,-9.3947707
18.2309029102,-3.0792881,-1.1964113,-9.3947707
18.2404398918,-2.7850886,-1.0787315,-9.2967042
18.2503578663,-2.6674088,-1.0983448,-9.3359308
18.2605597973,-2.7850886,-0.980665,-9.3359308
18.2707920074,-2.8439285,-0.980665,-9.3947707
18.2801218033,-2.745862,-0.980665,-9.414384
18.290088892,-2.5693423,-1.0395049,-9.414384
18.300082922,-2.7066354,-1.0787315,-9.5320638
18.3105130196,-2.9027684,-1.3140911,-9.4536106
18.3200860023,-2.9027684,-1.2944778,-9.2378643
18.3300249577,-2.6674088,-1.3337044,-9.3947707
18.3401448727,-2.7262487,-1.3140911,-9.3947707
18.3500039577,-3.0008349,-1.3533177,-9.3359308
18.3603708744,-3.0008349,-1.2748645,-9.4339973
18.37033391,-2.9223817,-1.2356379,-9.4339973
18.3800349236,-3.0008349,-1.2944778,-9.4928372
18.3904998302,-2.8439285,-1.1571847,-9.3751574
18.4002468586,-3.0400615,-1.2160246,-9.4339973
18.4108459949,-3.4127142,-1.1964113,-9.3947707
18.4199988842,-3.0596748,-1.2748645,-9.2967042
18.4302699566,-2.7654753,-1.2356379,-9.3555441
18.4411239624,-2.9812216,-1.2748645,-9.2770909
18.4500088692,-3.2950344,-1.3337044,-9.3555441
18.4604468346,-3.2165812,-1.2748645,-9.2378643
18.4704978466,-2.6870221,-1.1375714,-9.4536106
18.4803819656,-2.7850886,-1.1375714,-9.3555441
18.489992857,-3.0989014,-1.3337044,-9.3751574
18.499984026,-3.1773546,-1.3140911,-9.2967042
18.5102050304,-2.8635418,-1.2552512,-9.3359308
18.519977808,-2.6870221,-1.1964113,-9.3555441
18.5299799442,-2.8439285,-1.1964113,-9.3163175
18.539965868,-3.0596748,-1.2944778,-9.218251
18.5499649048,-2.7850886,-1.2160246,-9.2574776
18.5599069595,-2.6085689,-1.1375714,-9.3555441
18.570827961,-2.8635418,-1.176798,-9.2770909
18.579875946,-3.0596748,-1.2944778,-9.4339973
18.5905098915,-2.8635418,-1.1179581,-9.414384
18.6007869244,-2.7850886,-1.1964113,-9.2770909
18.6102728844,-2.941995,-1.2160246,-9.218251
18.6199269295,-3.1185147,-1.1964113,-9.3163175
18.631059885,-3.0792881,-1.2944778,-9.3947707
18.64011693,-3.0792881,-1.3533177,-9.5124505
18.6502180099,-2.8439285,-1.372931,-9.4536106
18.6601908207,-2.9027684,-1.4513842,-9.4732239
18.6704130173,-3.2361945,-1.372931,-9.3359308
18.680107832,-3.1185147,-1.3925443,-9.3359308
18.6901028156,-2.7654753,-1.2552512,-9.2574776
18.7007229328,-2.7654753,-1.1571847,-9.1201845
18.7100539207,-3.0792881,-1.1179581,-9.1201845
18.7203907967,-3.2558078,-1.1571847,-9.1397978
18.7300508022,-3.1185147,-1.2160246,-9.218251
18.7400460243,-2.9027684,-1.2944778,-9.3555441
18.7505569458,-3.0792881,-1.2748645,-9.1986377
18.7605118752,-3.2558078,-1.2944778,-9.1201845
18.7702569962,-3.1185147,-1.3533177,-9.2378643
18.7799959183,-3.0400615,-1.2552512,-9.2770909
18.7902657986,-3.0989014,-1.4317709,-9.2378643
18.7999818325,-3.2558078,-1.2748645,-9.1790244
18.8102309704,-3.1577413,-1.3140911,-9.2967042
18.8200528622,-3.0792881,-1.4121576,-9.2378643
18.830051899,-3.0596748,-1.372931,-9.2378643
18.840036869,-3.0792881,-1.2552512,-9.3555441
18.8500189781,-3.1577413,-1.3925443,-9.2378643
18.8610320091,-3.0596748,-1.1964113,-9.2574776
18.8700528145,-2.9223817,-1.2552512,-9.4536106
18.8809008598,-2.9812216,-1.2748645,-9.2770909
18.8899888992,-3.0204482,-1.3140911,-9.3555441
18.8999919891,-3.0989014,-1.2748645,-9.3947707
18.9099760056,-3.0989014,-1.2552512,-9.3555441
18.9210000038,-3.0792881,-1.2160246,-9.2574776
18.9309949875,-3.2754211,-1.4121576,-9.1397978
18.940032959,-3.3931009,-1.2748645,-9.218251
18.9499568939,-3.2165812,-1.2944778,-9.1986377
18.9607059956,-3.0989014,-1.372931,-9.2967042
18.9699378014,-3.138128,-1.3925443,-9.3163175
18.9801769257,-3.1577413,-1.3337044,-9.4339973
18.9908878803,-3.0792881,-1.4513842,-9.218251
18.9999358654,-2.8635418,-1.2356379,-9.3163175
19.01014781,-2.8635418,-1.3533177,-9.3359308
19.0203359127,-2.9027684,-1.1964113,-9.218251
19.0301609039,-3.0008349,-1.2356379,-9.2967042
19.0401558876,-2.8243152,-1.2160246,-9.3751574
19.0502250195,-2.8439285,-1.176798,-9.2770909
19.0602009296,-2.8635418,-1.0983448,-9.218251
19.0769917965,-2.9223817,-1.0787315,-9.2378643
19.0802350044,-2.941995,-1.3337044,-9.2967042
19.0962879658,-3.0204482,-1.2944778,-9.218251
19.1133778095,-3.2754211,-1.4121576,-9.2378643
19.1165289879,-3.2361945,-1.3925443,-9.3555441
19.1200900078,-3.138128,-1.4906108,-9.3163175
19.1365368366,-3.1185147,-1.5102241,-9.2378643
19.3111000061,-3.1969679,-1.4317709,-9.2574776
19.3147330284,-3.3538743,-1.3337044,-9.3359308
19.3162839413,-3.3734876,-1.2356379,-9.414384
19.3176968098,-3.138128,-1.3337044,-9.4339973
19.319067955,-3.0400615,-1.1571847,-9.3163175
19.3205449581,-3.4323275,-1.3140911,-9.218251
19.322332859,-3.5107807,-1.2944778,-9.3751574
19.3239989281,-3.1969679,-1.1964113,-9.3555441
19.3254699707,-3.0204482,-1.2356379,-9.3555441
19.3271009922,-3.2754211,-1.2160246,-9.218251
19.3292469978,-3.3931009,-1.2356379,-9.3163175
19.3321428299,-3.2165812,-1.2356379,-9.1790244
19.3343458176,-2.941995,-1.2552512,-9.2574776
19.3362388611,-2.941995,-1.3140911,-9.1986377
19.3381159306,-3.2361945,-1.2748645,-9.2378643
19.33989501,-3.2558078,-1.4513842,-9.2378643
19.3427228928,-3.0008349,-1.5102241,-9.1201845
19.3446438313,-2.9812216,-1.4709975,-9.2574776
19.3465578556,-3.0792881,-1.2944778,-9.3359308
19.3483498096,-3.2558078,-1.2552512,-9.1594111
19.3505678177,-3.2754211,-1.2748645,-9.1594111
19.3524060249,-3.138128,-1.2748645,-9.2574776
19.3607008457,-3.2361945,-1.2356379,-9.1790244
19.3803238869,-3.1969679,-1.3140911,-9.2967042
19.3999369144,-3.1577413,-1.4709975,-9.2967042
19.4041819572,-3.0792881,-1.372931,-9.414384
19.4062240124,-3.0792881,-1.4121576,-9.3947707
19.4101428986,-3.1185147,-1.3533177,-9.2770909
19.4213650227,-3.1577413,-1.2944778,-9.3163175
19.4317758083,-3.0204482,-1.2160246,-9.3163175
19.4457368851,-3.0204482,-1.0787315,-9.3163175
19.4548428059,-3.2165812,-1.2944778,-9.3947707
19.460641861,-3.2558078,-1.176798,-9.3359308
19.4702889919,-3.1969679,-1.372931,-9.2378643
19.4807329178,-3.0989014,-1.2748645,-9.2574776
19.4899339676,-3.1577413,-1.372931,-9.3163175
19.5002508163,-3.2165812,-1.3140911,-9.218251
19.5101249218,-3.1577413,-1.2356379,-9.2770909
19.5200648308,-3.2361945,-1.3925443,-9.3555441
19.5297939777,-3.1969679,-1.3337044,-9.1397978
19.5397980213,-3.334261,-1.4121576,-9.1201845
19.5505378246,-3.1773546,-1.2944778,-9.2378643
19.5604410172,-3.0792881,-1.4121576,-9.1594111
19.5700318813,-3.0989014,-1.3140911,-9.1397978
19.5802919865,-3.0989014,-1.1964113,-9.2770909
19.590430975,-2.9812216,-1.2552512,-9.2574776
19.6000049114,-3.1969679,-1.2944778,-9.2378643
19.6100718975,-3.0792881,-1.2944778,-9.2378643
19.6199989319,-3.1577413,-1.3533177,-9.3555441
19.6302769184,-3.0792881,-1.372931,-9.3555441
19.640570879,-3.1773546,-1.3140911,-9.2574776
19.6499779224,-3.2165812,-1.2748645,-9.2378643
19.6603579521,-3.1185147,-1.2160246,-9.2770909
19.6699697971,-3.138128,-1.1964113,-9.3163175
19.6802129745,-3.0596748,-1.2748645,-9.2770909
19.6908848286,-3.2558078,-1.2552512,-9.3163175
19.7016158104,-3.0792881,-1.2944778,-9.2967042
19.7100248337,-3.1577413,-1.4121576,-9.1790244
19.7199859619,-3.2165812,-1.4513842,-9.218251
19.7299499512,-3.2165812,-1.3140911,-9.3947707
19.7402667999,-3.0596748,-1.2748645,-9.218251
19.7499289513,-3.0204482,-1.2552512,-9.1790244
19.7599189281,-3.334261,-1.2356379,-9.218251
19.7699108124,-3.2361945,-1.176798,-9.2770909
19.7799289227,-3.0204482,-1.2356379,-9.3359308
19.7899019718,-3.1577413,-1.1964113,-9.2574776
19.8002169132,-3.1773546,-1.3533177,-9.3163175
19.8102209568,-3.0792881,-1.2944778,-9.2574776
19.819881916,-3.0792881,-1.4121576,-9.3947707
19.8301649094,-3.0989014,-1.2944778,-9.2574776
19.8398709297,-3.0792881,-1.3533177,-9.2378643
19.8501160145,-3.1577413,-1.3533177,-9.3163175
19.8598577976,-3.1577413,-1.2944778,-9.1397978
19.8698530197,-3.1577413,-1.3140911,-9.2770909
19.8800969124,-3.1577413,-1.3533177,-9.2967042
19.8903799057,-3.2361945,-1.3533177,-9.1790244
19.9002978802,-3.2165812,-1.3140911,-9.218251
19.9098849297,-3.138128,-1.2748645,-9.3163175
19.9203529358,-3.1577413,-1.2748645,-9.3555441
19.9300680161,-3.0989014,-1.2160246,-9.218251
19.9403038025,-3.1577413,-1.3533177,-9.218251
19.9500558376,-3.1773546,-1.2748645,-9.2770909
19.9597988129,-3.138128,-1.3337044,-9.414384
19.9702048302,-3.0204482,-1.3140911,-9.3359308
19.980039835,-3.0008349,-1.3140911,-9.2378643
19.9902558327,-3.2165812,-1.2160246,-9.2378643
20.0000298023,-3.138128,-1.2356379,-9.3555441
20.0102288723,-3.0400615,-1.3925443,-9.4339973
20.020018816,-3.1773546,-1.372931,-9.4732239
20.0300779343,-3.138128,-1.4121576,-9.3947707
20.0401039124,-3.0596748,-1.3533177,-9.3555441
20.0501568317,-3.0596748,-1.4317709,-9.2378643
20.0602879524,-3.0008349,-1.2944778,-9.3359308
20.070278883,-3.0400615,-1.1964113,-9.3359308
20.0803129673,-3.1773546,-1.2356379,-9.3555441
20.0900058746,-3.1969679,-1.2944778,-9.3359308
20.0999748707,-3.1185147,-1.4121576,-9.3163175
20.1099658012,-3.0792881,-1.4709975,-9.3555441
20.1202349663,-3.1969679,-1.4709975,-9.3751574
20.1302089691,-3.138128,-1.3925443,-9.0809579
20.1403129101,-3.0596748,-1.3140911,-9.0809579
20.149946928,-3.138128,-1.176798,-9.0809579
20.1599369049,-3.0596748,-1.2356379,-9.2574776
20.1701807976,-3.1773546,-1.2552512,-9.2770909
20.1802048683,-3.0989014,-1.3337044,-9.218251
20.1907229424,-3.3146477,-1.3925443,-8.9828914
20.2007648945,-3.2558078,-1.3925443,-9.2378643
20.2099118233,-3.1577413,-1.4121576,-9.1201845
20.2199039459,-3.2165812,-1.3533177,-9.1790244
20.2303500175,-3.1969679,-1.2944778,-8.9436648
20.2401340008,-3.3146477,-1.2944778,-9.0613446
20.2501409054,-3.2558078,-1.2944778,-9.0809579
20.2601640224,-3.1773546,-1.3925443,-9.1594111
20.2706098557,-3.1969679,-1.2944778,-9.0809579
20.2801268101,-3.2165812,-1.3533177,-9.218251
20.2899420261,-3.1969679,-1.2944778,-9.2574776
20.300112009,-3.138128,-1.3140911,-9.3359308
20.3104410172,-3.2165812,-1.3533177,-9.2967042
20.3198440075,-3.138128,-1.2944778,-9.2967042
20.3299229145,-3.1185147,-1.2944778,-9.2770909
20.3399100304,-3.0989014,-1.2944778,-9.2378643
20.3498330116,-3.1185147,-1.3337044,-9.3555441
20.3598268032,-3.2361945,-1.3925443,-9.2574776
20.3700659275,-3.2754211,-1.3140911,-9.2967042
20.3800609112,-3.2754211,-1.3337044,-9.2574776
20.3905239105,-3.1969679,-1.3140911,-9.218251
20.4002139568,-3.1773546,-1.3140911,-9.3359308
20.4103178978,-3.2165812,-1.2748645,-9.2967042
20.4200329781,-3.2754211,-1.2552512,-9.3555441
20.430095911,-3.1773546,-1.2944778,-9.1594111
20.4400529861,-3.2558078,-1.3925443,-9.1397978
20.4503769875,-3.1577413,-1.4513842,-9.2770909
20.4603428841,-3.1577413,-1.372931,-9.1986377
20.4700088501,-3.138128,-1.3925443,-9.1594111
20.480535984,-3.0400615,-1.2552512,-9.1201845
20.4899950027,-2.8831551,-1.1179581,-9.3947707
20.4999890327,-2.9223817,-1.2748645,-9.4339973
20.5103018284,-2.9223817,-1.176798,-9.3555441
20.5204908848,-3.0008349,-1.3337044,-9.1594111
20.5299730301,-2.9223817,-1.2748645,-9.3163175
20.5399608612,-3.2361945,-1.3925443,-9.3947707
20.5499608517,-3.1773546,-1.2356379,-9.3163175
20.5599558353,-3.1577413,-1.2356379,-9.1986377
20.5701990128,-3.2361945,-1.3337044,-9.2967042
20.5802118778,-3.3146477,-1.3533177,-9.2574776
20.5899329185,-3.1773546,-1.4906108,-9.1986377
20.5999548435,-3.1577413,-1.4317709,-9.2770909
20.6099288464,-3.2165812,-1.4513842,-9.3555441
20.6199228764,-3.3146477,-1.5102241,-9.2378643
20.6299209595,-3.138128,-1.3337044,-9.1594111
20.6404368877,-3.0989014,-1.3337044,-9.3163175
20.6499078274,-3.0400615,-1.1571847,-9.2574776
20.6602199078,-3.1577413,-1.2160246,-9.3359308
20.6701438427,-3.1773546,-1.2160246,-9.1986377
20.680136919,-3.0596748,-1.372931,-9.218251
20.690130949,-3.1185147,-1.3533177,-9.3163175
20.6998739243,-3.1773546,-1.2356379,-9.2967042
20.7101140022,-3.2950344,-1.2944778,-9.1594111
20.7201149464,-3.2754211,-1.2748645,-9.1986377
20.7304368019,-3.2165812,-1.3533177,-9.3163175
20.7403838634,-3.1969679,-1.372931,-9.3163175
20.7506258488,-3.1773546,-1.3533177,-9.2574776
20.7604458332,-3.2754211,-1.5298374,-9.2967042
20.7700798512,-3.2165812,-1.3337044,-9.2574776
20.7801148891,-3.138128,-1.3337044,-9.3163175
20.7901129723,-3.1577413,-1.372931,-9.3359308
20.8000628948,-3.2558078,-1.3533177,-9.3359308
20.8104588985,-3.1185147,-1.2552512,-9.2378643
20.8202438354,-3.0204482,-1.3337044,-9.1397978
20.8301208019,-3.138128,-1.2552512,-9.2574776
20.8400409222,-3.138128,-1.2944778,-9.4339973
20.8500349522,-3.1185147,-1.2356379,-9.2574776
20.8600399494,-3.1185147,-1.2160246,-9.1201845
20.8700268269,-3.1969679,-1.3337044,-9.2770909
20.8801088333,-3.1577413,-1.3337044,-9.2967042
20.89001894,-3.1577413,-1.3337044,-9.3751574
20.9000058174,-3.2165812,-1.3337044,-9.1986377
20.9100048542,-3.2361945,-1.2160246,-9.2378643
20.9203748703,-3.138128,-1.3140911,-9.2770909
20.9300069809,-3.1773546,-1.2944778,-9.2770909
20.9399898052,-3.1773546,-1.3533177,-9.3947707
20.9499869347,-3.1577413,-1.3140911,-9.218251
20.9600598812,-3.2361945,-1.2356379,-9.1790244
20.9699718952,-3.1577413,-1.3140911,-9.2967042
20.9804878235,-3.0989014,-1.2944778,-9.2574776
20.9899568558,-3.1185147,-1.2356379,-9.2378643
21.0002579689,-3.138128,-1.3140911,-9.2574776
21.0099508762,-3.0792881,-1.3337044,-9.2574776
21.0199418068,-3.0596748,-1.3337044,-9.3947707
21.0299370289,-3.1773546,-1.2944778,-9.2967042
21.0402729511,-3.1773546,-1.2944778,-9.1986377
21.050470829,-3.0989014,-1.2748645,-9.3359308
21.0602419376,-3.0989014,-1.176798,-9.2770909
21.0701630116,-3.1577413,-1.372931,-9.2967042
21.0799098015,-3.1185147,-1.2748645,-9.2378643
21.0901498795,-3.1185147,-1.2944778,-9.1986377
21.0998888016,-3.0989014,-1.3925443,-9.3751574
21.1101520061,-3.1969679,-1.3925443,-9.3163175
21.1201679707,-3.2165812,-1.3337044,-9.2967042
21.1301608086,-3.0596748,-1.2944778,-9.2770909
21.1398749352,-3.1185147,-1.2356379,-9.218251
21.149864912,-3.1577413,-1.2748645,-9.2378643
21.1598608494,-3.2165812,-1.2944778,-9.2770909
21.169852972,-3.0792881,-1.3533177,-9.1790244
21.1798498631,-3.1577413,-1.3337044,-9.3163175
21.190092802,-3.2361945,-1.3337044,-9.1594111
21.2000830173,-3.0989014,-1.3140911,-9.3555441
21.2103598118,-3.0400615,-1.3337044,-9.3555441
21.2203369141,-3.0400615,-1.2356379,-9.3555441
21.229820013,-3.2361945,-1.3337044,-9.414384
21.2403419018,-3.138128,-1.372931,-9.1594111
21.2500529289,-3.0596748,-1.3925443,-9.1005712
21.2604768276,-3.138128,-1.2944778,-9.218251
21.2702109814,-3.1577413,-1.3337044,-9.2967042
21.280369997,-3.1773546,-1.3337044,-9.2967042
21.2905728817,-3.1185147,-1.2552512,-9.3163175
21.30012393,-3.2754211,-1.3337044,-9.2967042
21.310022831,-3.2165812,-1.2748645,-9.3163175
21.3205378056,-3.1773546,-1.2160246,-9.2378643
21.3300218582,-3.0989014,-1.3140911,-9.3163175
21.3404119015,-3.1773546,-1.2944778,-9.2967042
21.3506028652,-3.2754211,-1.1964113,-9.1986377
21.3605968952,-3.1969679,-1.4121576,-9.2574776
21.3700368404,-3.1577413,-1.3337044,-9.2574776
21.380079031,-3.0989014,-1.4513842,-9.2967042
21.3899929523,-3.0008349,-1.3925443,-9.2770909
21.3999829292,-3.1773546,-1.3140911,-9.3163175
21.410504818,-3.0400615,-1.2944778,-9.414384
21.4199619293,-3.0596748,-1.2944778,-9.3751574
21.4303379059,-3.0989014,-1.2944778,-9.2770909
21.4399478436,-3.0596748,-1.2356379,-9.1594111
21.4505770206,-3.0989014,-1.1375714,-9.3163175
21.4599409103,-3.2361945,-1.2356379,-9.2574776
21.469933033,-3.2361945,-1.3337044,-9.2967042
21.4800388813,-3.2361945,-1.3925443,-9.3163175
21.4902129173,-3.1185147,-1.3533177,-9.3163175
21.500399828,-3.2754211,-1.3533177,-9.2378643
21.5102419853,-3.2361945,-1.2552512,-9.2378643
21.5199429989,-3.138128,-1.3337044,-9.3163175
21.530009985,-3.0792881,-1.2748645,-9.3163175
21.5399470329,-2.9223817,-1.2356379,-9.2574776
21.5506010056,-3.1577413,-1.2944778,-9.3359308
21.5605769157,-3.138128,-1.1375714,-9.3359308
21.5701498985,-3.0008349,-1.2160246,-9.3555441
21.5806849003,-3.0400615,-1.2944778,-9.3555441
21.5899369717,-3.1577413,-1.3533177,-9.2378643
21.6006798744,-3.138128,-1.3337044,-9.2378643
21.6101279259,-3.0792881,-1.176798,-9.2574776
21.619879961,-3.1185147,-1.3337044,-9.2967042
21.6298708916,-3.2950344,-1.1964113,-9.3163175
21.640504837,-3.2950344,-1.3140911,-9.4339973
21.65011096,-3.0989014,-1.372931,-9.2967042
21.6606469154,-3.138128,-1.4709975,-9.218251
21.6706738472,-3.2558078,-1.3533177,-9.218251
21.680316925,-3.138128,-1.2944778,-9.2378643
21.6901679039,-3.0989014,-1.3337044,-9.3163175
21.7001779079,-3.0792881,-1.2944778,-9.3163175
21.7100968361,-3.1773546,-1.2748645,-9.2378643
21.7200958729,-3.0989014,-1.2160246,-9.2967042
21.7300658226,-3.0596748,-1.176798,-9.3163175
21.7404839993,-3.0400615,-1.2748645,-9.3555441
21.7502598763,-3.1773546,-1.3140911,-9.3359308
21.7606668472,-3.0792881,-1.3140911,-9.2378643
21.7708449364,-3.0400615,-1.3140911,-9.2967042
21.7811717987,-3.1773546,-1.2944778,-9.2574776
21.7909739017,-3.1773546,-1.2944778,-9.2967042
21.8000869751,-3.2165812,-1.2944778,-9.3359308
21.8115270138,-3.1577413,-1.2944778,-9.218251
21.8200559616,-3.0989014,-1.4513842,-9.2378643
21.8309819698,-3.1969679,-1.4121576,-9.0809579
21.8400559425,-3.0989014,-1.2944778,-9.2770909
21.850039959,-3.1577413,-1.3925443,-9.3359308
21.860781908,-3.1185147,-1.2944778,-9.2378643
21.8710868359,-3.138128,-1.372931,-9.2378643
21.8802638054,-3.1185147,-1.2552512,-9.2770909
21.8900089264,-3.0989014,-1.2944778,-9.1201845
21.899987936,-3.138128,-1.2552512,-9.414384
21.9112699032,-3.1773546,-1.2748645,-9.3555441
21.9212508202,-2.9223817,-1.2944778,-9.5712904
21.931098938,-3.1969679,-1.3140911,-9.3163175
21.940073967,-3.138128,-1.2748645,-9.3163175
21.950289011,-3.138128,-1.1964113,-9.1790244
21.9600570202,-3.0989014,-1.3337044,-9.1986377
21.9702208042,-3.0400615,-1.3140911,-9.2378643
21.9802060127,-3.3146477,-1.2944778,-9.3359308
21.9899749756,-3.1969679,-1.2944778,-9.2574776
21.9999599457,-3.1185147,-1.2748645,-9.2574776
22.0101809502,-3.1969679,-1.3140911,-9.2574776
22.0199539661,-3.2361945,-1.3140911,-9.2967042
22.0299298763,-3.1577413,-1.3925443,-9.2770909
22.0399169922,-3.0792881,-1.2748645,-9.3359308
22.0502398014,-3.1773546,-1.3337044,-9.1790244
22.0606589317,-3.0989014,-1.1375714,-9.218251
22.0699858665,-3.138128,-1.3925443,-9.2770909
22.0799930096,-2.9812216,-1.3140911,-9.4339973
22.0899758339,-3.0596748,-1.3925443,-9.3359308
22.0999720097,-3.2165812,-1.3140911,-9.1986377
22.1109910011,-3.1185147,-1.3337044,-9.2574776
22.120349884,-3.138128,-1.2552512,-9.3947707
22.1301698685,-3.1773546,-1.2944778,-9.2770909
22.1409599781,-3.138128,-1.3337044,-9.3359308
22.1506719589,-3.1969679,-1.2552512,-9.1986377
22.1606318951,-3.1773546,-1.2748645,-9.3751574
22.1701898575,-3.2165812,-1.3533177,-9.1986377
22.1810088158,-3.1577413,-1.3140911,-9.1005712
22.1901760101,-3.1773546,-1.3533177,-9.3359308
22.2001709938,-3.1577413,-1.3140911,-9.4339973
22.2108929157,-3.0989014,-1.2748645,-9.218251
22.2205719948,-3.0008349,-1.2160246,-9.2770909
22.2303328514,-3.0792881,-1.2944778,-9.2378643
22.2403979301,-3.138128,-1.2552512,-9.3163175
22.2501478195,-3.0596748,-1.3337044,-9.3163175
22.2606189251,-3.0989014,-1.1571847,-9.2378643
22.2766349316,-3.0989014,-1.4317709,-9.1790244
22.2800879478,-3.1969679,-1.2356379,-9.2770909
22.2904119492,-3.0989014,-1.2944778,-9.2574776
22.3065898418,-3.0792881,-1.372931,-9.3947707
22.3221449852,-3.138128,-1.3533177,-9.2770909
22.3283479214,-3.2361945,-1.2160246,-9.1986377
22.3358278275,-3.1577413,-1.3140911,-9.1397978
22.3402979374,-3.0792881,-1.372931,-9.3555441
22.3509190083,-3.0400615,-1.4121576,-9.3751574
22.3599789143,-3.0008349,-1.3925443,-9.3359308
22.370579958,-3.1577413,-1.2944778,-9.1594111
22.379971981,-3.1185147,-1.2552512,-9.1986377
22.3907740116,-3.0989014,-1.176798,-9.2770909
22.405864954,-3.0792881,-1.1964113,-9.218251
22.4160759449,-3.1577413,-1.3337044,-9.1790244
22.4253468513,-3.1969679,-1.2356379,-9.3359308
22.4342148304,-3.0989014,-1.2748645,-9.3751574
22.4399359226,-3.0989014,-1.2748645,-9.3555441
22.4513947964,-3.0989014,-1.2356379,-9.2378643
22.460777998,-3.0989014,-1.2160246,-9.3555441
22.4702010155,-3.138128,-1.2160246,-9.1397978
22.4805369377,-3.138128,-1.372931,-9.1986377
22.4923329353,-3.1185147,-1.2748645,-9.2574776
22.5062999725,-3.138128,-1.3337044,-9.2770909
22.5108368397,-3.0400615,-1.3337044,-9.1397978
22.5204470158,-3.1577413,-1.3925443,-9.2770909
22.5301158428,-3.0989014,-1.2944778,-9.3163175
22.5406877995,-3.0400615,-1.2944778,-9.2574776
22.5505788326,-3.1577413,-1.2748645,-9.1594111
22.5601480007,-3.1969679,-1.3337044,-9.1986377
22.5707910061,-3.0400615,-1.3140911,-9.2574776
22.5804128647,-3.0400615,-1.3337044,-9.3359308
22.5906419754,-3.1773546,-1.2944778,-9.3555441
22.6007180214,-3.0989014,-1.3533177,-9.2378643
22.6101009846,-3.1773546,-1.2552512,-9.218251
22.6200540066,-3.0792881,-1.3533177,-9.3947707
22.6301538944,-3.1969679,-1.2356379,-9.2378643
22.6405348778,-3.1773546,-1.3140911,-9.2574776
22.6501028538,-3.138128,-1.3337044,-9.3947707
22.6600718498,-3.1773546,-1.3140911,-9.218251
22.670694828,-3.2558078,-1.2552512,-9.2967042
22.6807389259,-3.138128,-1.2356379,-9.3555441
22.6906268597,-3.1185147,-1.2748645,-9.1790244
22.7006700039,-3.0596748,-1.3140911,-9.2967042
22.7102329731,-3.1577413,-1.372931,-9.4339973
22.7200098038,-3.0204482,-1.3337044,-9.3555441
22.7300050259,-3.0400615,-1.2944778,-9.2378643
22.7400228977,-3.1185147,-1.2944778,-9.3751574
22.7500729561,-3.2361945,-1.3533177,-9.414384
22.7600359917,-3.0989014,-1.4513842,-9.1790244
22.7699539661,-3.1577413,-1.3337044,-9.218251
22.7799949646,-3.1773546,-1.2552512,-9.2770909
22.7902228832,-3.1969679,-1.2552512,-9.1986377
22.8002178669,-3.1185147,-1.2356379,-9.414384
22.8105769157,-3.0989014,-1.2944778,-9.2967042
22.8199598789,-3.1577413,-1.2944778,-9.1594111
22.830632925,-3.1185147,-1.372931,-9.3163175
22.8399889469,-3.0596748,-1.2160246,-9.3359308
22.8499088287,-3.0596748,-1.3533177,-9.3555441
22.8606038094,-3.1773546,-1.3140911,-9.3163175
22.8703629971,-3.138128,-1.2944778,-9.3555441
22.8802628517,-3.0792881,-1.1964113,-9.2574776
22.8898818493,-3.1577413,-1.3140911,-9.1986377
22.9001348019,-3.1577413,-1.2748645,-9.3359308
22.9099779129,-3.1773546,-1.2552512,-9.3751574
22.9210529327,-3.0400615,-1.3140911,-9.414384
22.9303548336,-3.0596748,-1.2944778,-9.2967042
22.9404718876,-3.2165812,-1.3140911,-9.1986377
22.9501259327,-3.1969679,-1.372931,-9.2378643
22.9604039192,-3.0792881,-1.2748645,-9.218251
22.9705238342,-3.0400615,-1.372931,-9.2574776
22.9806678295,-3.2558078,-1.2552512,-9.3555441
22.9907648563,-3.2165812,-1.2748645,-9.2574776
23.0002119541,-3.0400615,-1.2356379,-9.1986377
23.0105879307,-3.0792881,-1.2748645,-9.1790244
23.0206079483,-3.1969679,-1.2944778,-9.3163175
23.0301458836,-3.0989014,-1.2748645,-9.414384
23.0407238007,-3.0204482,-1.4121576,-9.3359308
23.0509929657,-3.0989014,-1.2944778,-9.3751574
23.0609970093,-3.2754211,-1.4121576,-9.3359308
23.0708959103,-3.0792881,-1.2552512,-9.3555441
23.0801019669,-3.0792881,-1.4121576,-9.1790244
23.0909149647,-3.1185147,-1.3140911,-9.3359308
23.100620985,-3.1577413,-1.2160246,-9.2967042
23.1101028919,-3.1185147,-1.3140911,-9.1397978
23.1206748486,-3.0792881,-1.3337044,-9.2967042
23.1300189495,-3.1577413,-1.2944778,-9.1986377
23.1400668621,-3.1773546,-1.3337044,-9.2967042
23.1500089169,-3.0596748,-1.2552512,-9.3359308
23.1603848934,-3.1969679,-1.2944778,-9.218251
23.1705420017,-3.0989014,-1.2160246,-9.2574776
23.1800639629,-3.1577413,-1.2944778,-9.3359308
23.1908318996,-3.0989014,-1.3337044,-9.3163175
23.1999938488,-3.1773546,-1.3140911,-9.3163175
23.2099688053,-3.0989014,-1.3140911,-9.3947707
23.2205460072,-3.0989014,-1.2748645,-9.1790244
23.2299849987,-3.0596748,-1.2748645,-9.3163175
23.2402048111,-3.1773546,-1.2748645,-9.2378643
23.2502717972,-3.1185147,-1.2160246,-9.1594111
23.2602558136,-3.0008349,-1.4121576,-9.1397978
23.2699739933,-3.1577413,-1.3533177,-9.1790244
23.2802169323,-3.1185147,-1.2160246,-9.3163175
23.2899289131,-3.1185147,-1.4709975,-9.3947707
23.3005568981,-3.0989014,-1.2944778,-9.2378643
23.3101630211,-3.1969679,-1.2748645,-9.2770909
23.3202548027,-3.2558078,-1.2552512,-9.2967042
23.3301730156,-3.0989014,-1.2552512,-9.1790244
23.3401508331,-3.0989014,-1.2356379,-9.3163175
23.3507568836,-3.0989014,-1.2748645,-9.3947707
23.3601830006,-3.1577413,-1.372931,-9.3555441
23.3710420132,-3.0596748,-1.372931,-9.2967042
23.3809888363,-3.138128,-1.2552512,-9.3359308
23.3898978233,-3.1773546,-1.3925443,-9.218251
23.4001448154,-3.0596748,-1.2356379,-9.4536106
23.410987854,-3.0400615,-1.2748645,-9.2967042
23.4201090336,-3.1577413,-1.3533177,-9.2378643
23.4308178425,-3.0792881,-1.2748645,-9.2770909
23.4401199818,-3.1185147,-1.3140911,-9.3359308
23.4507918358,-3.1577413,-1.3533177,-9.2574776
23.4610528946,-3.138128,-1.2748645,-9.2967042
23.471323967,-3.1773546,-1.3337044,-9.1986377
23.4801089764,-3.0792881,-1.3337044,-9.1397978
23.4907898903,-3.1577413,-1.3140911,-9.2574776
23.5000779629,-3.1773546,-1.2552512,-9.2967042
23.5106909275,-3.0204482,-1.2944778,-9.3359308
23.5207579136,-3.0008349,-1.2160246,-9.414384
23.5300409794,-3.1773546,-1.2552512,-9.3555441
23.5408699512,-3.1969679,-1.2748645,-9.2967042
23.5501129627,-2.9616083,-1.2356379,-9.3555441
23.5600919724,-3.0204482,-1.3140911,-9.2770909
23.5708320141,-3.0792881,-1.3140911,-9.3751574
23.5807278156,-3.0792881,-1.3533177,-9.2378643
23.5907449722,-3.0400615,-1.4513842,-9.2770909
23.6012148857,-3.0596748,-1.3337044,-9.414384
23.6108269691,-3.2361945,-1.3337044,-9.4536106
23.6209719181,-3.2165812,-1.3337044,-9.1986377
23.6302239895,-3.1185147,-1.2552512,-9.2574776
23.6405189037,-3.1185147,-1.2160246,-9.218251
23.6505749226,-3.1773546,-1.1964113,-9.3163175
23.6602759361,-3.1577413,-1.2356379,-9.3359308
23.6708738804,-3.0596748,-1.2748645,-9.3359308
23.6800229549,-3.0989014,-1.3140911,-9.3947707
23.6899998188,-3.1773546,-1.372931,-9.1201845
23.7001979351,-3.0989014,-1.2944778,-9.2574776
23.7099809647,-3.1577413,-1.2552512,-9.2967042
23.7208838463,-3.1969679,-1.2160246,-9.3751574
23.7561049461,-3.2165812,-1.2160246,-9.3359308
23.7603340149,-3.1969679,-1.2944778,-9.3555441
23.7632739544,-3.1969679,-1.2944778,-9.2967042
23.7659878731,-3.2361945,-1.4121576,-9.2967042
23.769933939,-3.1969679,-1.372931,-9.2378643
23.7921278477,-3.1185147,-1.3533177,-9.2967042
23.7945430279,-3.0204482,-1.372931,-9.218251
23.8001329899,-3.0792881,-1.3140911,-9.218251
